bibTeX Key, Link to bibTeX File
0456IbnHazmAsmaCabbas1987,https://github.com/OpenITI/bibliography/blob/main/bibFiles/0456IbnHazmAsmaCabbas1987.bib
0456IbnHazmAsmaRiyad2013,https://github.com/OpenITI/bibliography/blob/main/bibFiles/0456IbnHazmAsmaRiyad2013.bib
0456IbnHazmFadlCabbas1987,https://github.com/OpenITI/bibliography/blob/main/bibFiles/0456IbnHazmFadlCabbas1987.bib
0456IbnHazmFadlCamman2015,https://github.com/OpenITI/bibliography/blob/main/bibFiles/0456IbnHazmFadlCamman2015.bib
0456IbnHazmImanaCabdalhadi2017,https://github.com/OpenITI/bibliography/blob/main/bibFiles/0456IbnHazmImanaCabdalhadi2017.bib
0456IbnHazmJamharatBayrut1998,https://github.com/OpenITI/bibliography/blob/main/bibFiles/0456IbnHazmJamharatBayrut1998.bib
0456IbnHazmJamharatHarun1962,https://github.com/OpenITI/bibliography/blob/main/bibFiles/0456IbnHazmJamharatHarun1962.bib
0456IbnHazmJamharatHarun1971,https://github.com/OpenITI/bibliography/blob/main/bibFiles/0456IbnHazmJamharatHarun1971.bib
0456IbnHazmJamharatHarun1977,https://github.com/OpenITI/bibliography/blob/main/bibFiles/0456IbnHazmJamharatHarun1977.bib
0456IbnHazmJamharatHarun1982,https://github.com/OpenITI/bibliography/blob/main/bibFiles/0456IbnHazmJamharatHarun1982.bib
0456IbnHazmJamharatHarun1999,https://github.com/OpenITI/bibliography/blob/main/bibFiles/0456IbnHazmJamharatHarun1999.bib
0456IbnHazmJamharatIbrahim2018,https://github.com/OpenITI/bibliography/blob/main/bibFiles/0456IbnHazmJamharatIbrahim2018.bib
0456IbnHazmJamharatLevi1948,https://github.com/OpenITI/bibliography/blob/main/bibFiles/0456IbnHazmJamharatLevi1948.bib
0456IbnHazmJamharatNiyujisi2014,https://github.com/OpenITI/bibliography/blob/main/bibFiles/0456IbnHazmJamharatNiyujisi2014.bib
0456IbnHazmJamharatRiyad2013,https://github.com/OpenITI/bibliography/blob/main/bibFiles/0456IbnHazmJamharatRiyad2013.bib
0456IbnHazmMaratibCabbas1987,https://github.com/OpenITI/bibliography/blob/main/bibFiles/0456IbnHazmMaratibCabbas1987.bib
0456IbnHazmMaratibCamman2015,https://github.com/OpenITI/bibliography/blob/main/bibFiles/0456IbnHazmMaratibCamman2015.bib
0456IbnHazmMaratibRiyad2013,https://github.com/OpenITI/bibliography/blob/main/bibFiles/0456IbnHazmMaratibRiyad2013.bib
0456IbnHazmNaqtCabbas1987,https://github.com/OpenITI/bibliography/blob/main/bibFiles/0456IbnHazmNaqtCabbas1987.bib
0456IbnHazmNaqtRiyad2013,https://github.com/OpenITI/bibliography/blob/main/bibFiles/0456IbnHazmNaqtRiyad2013.bib
0456IbnHazmNaqtValencia1974,https://github.com/OpenITI/bibliography/blob/main/bibFiles/0456IbnHazmNaqtValencia1974.bib
0456IbnHazmUmmahatCabbas1987,https://github.com/OpenITI/bibliography/blob/main/bibFiles/0456IbnHazmUmmahatCabbas1987.bib
0456IbnHazmUmmahatRiyad2013,https://github.com/OpenITI/bibliography/blob/main/bibFiles/0456IbnHazmUmmahatRiyad2013.bib
0458BayhaqiDalailIbrahim2007,https://github.com/OpenITI/bibliography/blob/main/bibFiles/0458BayhaqiDalailIbrahim2007.bib
0458BayhaqiDalailQalcaji1988,https://github.com/OpenITI/bibliography/blob/main/bibFiles/0458BayhaqiDalailQalcaji1988.bib
0458BayhaqiDalailQalcaji2002,https://github.com/OpenITI/bibliography/blob/main/bibFiles/0458BayhaqiDalailQalcaji2002.bib
0458BayhaqiDalailRiyad2013,https://github.com/OpenITI/bibliography/blob/main/bibFiles/0458BayhaqiDalailRiyad2013.bib
0458BayhaqiDalailSaqr1970,https://github.com/OpenITI/bibliography/blob/main/bibFiles/0458BayhaqiDalailSaqr1970.bib
0458BayhaqiDalailUthman1969,https://github.com/OpenITI/bibliography/blob/main/bibFiles/0458BayhaqiDalailUthman1969.bib
0460TusiFihristBahr1960,https://github.com/OpenITI/bibliography/blob/main/bibFiles/0460TusiFihristBahr1960.bib
0460TusiFihristMashhad1972,https://github.com/OpenITI/bibliography/blob/main/bibFiles/0460TusiFihristMashhad1972.bib
0460TusiFihristTabatabai1999,https://github.com/OpenITI/bibliography/blob/main/bibFiles/0460TusiFihristTabatabai1999.bib
0460TusiFihristTehran1996,https://github.com/OpenITI/bibliography/blob/main/bibFiles/0460TusiFihristTehran1996.bib
0460TusiIkhtiyarMajidi2019,https://github.com/OpenITI/bibliography/blob/main/bibFiles/0460TusiIkhtiyarMajidi2019.bib
0460TusiIkhtiyarMustafawi1969,https://github.com/OpenITI/bibliography/blob/main/bibFiles/0460TusiIkhtiyarMustafawi1969.bib
0460TusiIkhtiyarQayyumi2006,https://github.com/OpenITI/bibliography/blob/main/bibFiles/0460TusiIkhtiyarQayyumi2006.bib
0460TusiIkhtiyarRajai1983,https://github.com/OpenITI/bibliography/blob/main/bibFiles/0460TusiIkhtiyarRajai1983.bib
0460TusiIkhtiyarTehran2003,https://github.com/OpenITI/bibliography/blob/main/bibFiles/0460TusiIkhtiyarTehran2003.bib
0460TusiRijalBahr1961,https://github.com/OpenITI/bibliography/blob/main/bibFiles/0460TusiRijalBahr1961.bib
0460TusiRijalQayyumi1994,https://github.com/OpenITI/bibliography/blob/main/bibFiles/0460TusiRijalQayyumi1994.bib
0460TusiRijalQayyumi2007,https://github.com/OpenITI/bibliography/blob/main/bibFiles/0460TusiRijalQayyumi2007.bib
0463IbnCabdBarrDurarDhaif1966,https://github.com/OpenITI/bibliography/blob/main/bibFiles/0463IbnCabdBarrDurarDhaif1966.bib
0463IbnCabdBarrDurarDhaif1983,https://github.com/OpenITI/bibliography/blob/main/bibFiles/0463IbnCabdBarrDurarDhaif1983.bib
0463IbnCabdBarrDurarDhaif1991,https://github.com/OpenITI/bibliography/blob/main/bibFiles/0463IbnCabdBarrDurarDhaif1991.bib
0463IbnCabdBarrIntiqaGhuddah1997,https://github.com/OpenITI/bibliography/blob/main/bibFiles/0463IbnCabdBarrIntiqaGhuddah1997.bib
0463IbnCabdBarrIntiqaQudsi1931,https://github.com/OpenITI/bibliography/blob/main/bibFiles/0463IbnCabdBarrIntiqaQudsi1931.bib
0463IbnCabdBarrIntiqaRiyad2013,https://github.com/OpenITI/bibliography/blob/main/bibFiles/0463IbnCabdBarrIntiqaRiyad2013.bib
0463IbnCabdBarrIsticabBajawi1960,https://github.com/OpenITI/bibliography/blob/main/bibFiles/0463IbnCabdBarrIsticabBajawi1960.bib
0463IbnCabdBarrIsticabBajawi1992,https://github.com/OpenITI/bibliography/blob/main/bibFiles/0463IbnCabdBarrIsticabBajawi1992.bib
0463IbnCabdBarrIsticabCabdMawjud2010,https://github.com/OpenITI/bibliography/blob/main/bibFiles/0463IbnCabdBarrIsticabCabdMawjud2010.bib
0463IbnCabdBarrIsticabHaidarabad1900,https://github.com/OpenITI/bibliography/blob/main/bibFiles/0463IbnCabdBarrIsticabHaidarabad1900.bib
0463IbnCabdBarrIsticabHaidarabad1918,https://github.com/OpenITI/bibliography/blob/main/bibFiles/0463IbnCabdBarrIsticabHaidarabad1918.bib
0463IbnCabdBarrIsticabMurshid2002,https://github.com/OpenITI/bibliography/blob/main/bibFiles/0463IbnCabdBarrIsticabMurshid2002.bib
0463KatibTarikhCamman2013,https://github.com/OpenITI/bibliography/blob/main/bibFiles/0463KatibTarikhCamman2013.bib
0463KhatibGhunyatFaryabi1993,https://github.com/OpenITI/bibliography/blob/main/bibFiles/0463KhatibGhunyatFaryabi1993.bib
0463KhatibGhunyatRiyad2013,https://github.com/OpenITI/bibliography/blob/main/bibFiles/0463KhatibGhunyatRiyad2013.bib
0463KhatibMuttafiqHamidi1997,https://github.com/OpenITI/bibliography/blob/main/bibFiles/0463KhatibMuttafiqHamidi1997.bib
0463KhatibTarikhCurfi1966,https://github.com/OpenITI/bibliography/blob/main/bibFiles/0463KhatibTarikhCurfi1966.bib
0463KhatibTarikhMacruf2001,https://github.com/OpenITI/bibliography/blob/main/bibFiles/0463KhatibTarikhMacruf2001.bib
0463KhatibTarikhQahirat1931,https://github.com/OpenITI/bibliography/blob/main/bibFiles/0463KhatibTarikhQahirat1931.bib
0463KhatibTarikhRiyad2013,https://github.com/OpenITI/bibliography/blob/main/bibFiles/0463KhatibTarikhRiyad2013.bib
0466KattaniDhaylHamad1989,https://github.com/OpenITI/bibliography/blob/main/bibFiles/0466KattaniDhaylHamad1989.bib
0466KattaniDhaylRiyad2013,https://github.com/OpenITI/bibliography/blob/main/bibFiles/0466KattaniDhaylRiyad2013.bib
0469IbnHayyanMuqtabasHajji1965,https://github.com/OpenITI/bibliography/blob/main/bibFiles/0469IbnHayyanMuqtabasHajji1965.bib
0469IbnHayyanMuqtabasHajji1983,https://github.com/OpenITI/bibliography/blob/main/bibFiles/0469IbnHayyanMuqtabasHajji1983.bib
0469IbnHayyanMuqtabasHawwari2006,https://github.com/OpenITI/bibliography/blob/main/bibFiles/0469IbnHayyanMuqtabasHawwari2006.bib
0469IbnHayyanMuqtabasMakki1971,https://github.com/OpenITI/bibliography/blob/main/bibFiles/0469IbnHayyanMuqtabasMakki1971.bib
0469IbnHayyanMuqtabasMakki1973,https://github.com/OpenITI/bibliography/blob/main/bibFiles/0469IbnHayyanMuqtabasMakki1973.bib
0469IbnHayyanMuqtabasMakki1994,https://github.com/OpenITI/bibliography/blob/main/bibFiles/0469IbnHayyanMuqtabasMakki1994.bib
0474BajiTacdilHusayn1986,https://github.com/OpenITI/bibliography/blob/main/bibFiles/0474BajiTacdilHusayn1986.bib
0474BajiTacdilLazbar1991,https://github.com/OpenITI/bibliography/blob/main/bibFiles/0474BajiTacdilLazbar1991.bib
0474BajiTacdilMustafa2010,https://github.com/OpenITI/bibliography/blob/main/bibFiles/0474BajiTacdilMustafa2010.bib
0475IbnMakulaIkmalMucallimi1962,https://github.com/OpenITI/bibliography/blob/main/bibFiles/0475IbnMakulaIkmalMucallimi1962.bib
0475IbnMakulaIkmalMucallimi1970,https://github.com/OpenITI/bibliography/blob/main/bibFiles/0475IbnMakulaIkmalMucallimi1970.bib
0475IbnMakulaIkmalRiyad2013,https://github.com/OpenITI/bibliography/blob/main/bibFiles/0475IbnMakulaIkmalRiyad2013.bib
0475IbnMakulaIkmalSabuni2015,https://github.com/OpenITI/bibliography/blob/main/bibFiles/0475IbnMakulaIkmalSabuni2015.bib
0475IbnMakulaTahdhibHassan1990,https://github.com/OpenITI/bibliography/blob/main/bibFiles/0475IbnMakulaTahdhibHassan1990.bib
0475IbnMakulaTahdhibRiyad2013,https://github.com/OpenITI/bibliography/blob/main/bibFiles/0475IbnMakulaTahdhibRiyad2013.bib
0476ShiraziTabaqatAlmays0000,https://github.com/OpenITI/bibliography/blob/main/bibFiles/0476ShiraziTabaqatAlmays0000.bib
0476ShiraziTabaqatCumar1997,https://github.com/OpenITI/bibliography/blob/main/bibFiles/0476ShiraziTabaqatCumar1997.bib
0482HabbalWafayatHaddad1987,https://github.com/OpenITI/bibliography/blob/main/bibFiles/0482HabbalWafayatHaddad1987.bib
0482HabbalWafayatRiyad2013,https://github.com/OpenITI/bibliography/blob/main/bibFiles/0482HabbalWafayatRiyad2013.bib
0482HabbalWafayatSalih1995,https://github.com/OpenITI/bibliography/blob/main/bibFiles/0482HabbalWafayatSalih1995.bib
0487BakriMasalikQartaj1992,https://github.com/OpenITI/bibliography/blob/main/bibFiles/0487BakriMasalikQartaj1992.bib
0487BakriMasalikTulbat2003,https://github.com/OpenITI/bibliography/blob/main/bibFiles/0487BakriMasalikTulbat2003.bib
0488HumaydiJadwatCawwad2008,https://github.com/OpenITI/bibliography/blob/main/bibFiles/0488HumaydiJadwatCawwad2008.bib
0488HumaydiJadwatIbyari1983,https://github.com/OpenITI/bibliography/blob/main/bibFiles/0488HumaydiJadwatIbyari1983.bib
0488HumaydiJadwatQahirat1966,https://github.com/OpenITI/bibliography/blob/main/bibFiles/0488HumaydiJadwatQahirat1966.bib
0488HumaydiJadwatTunji1952,https://github.com/OpenITI/bibliography/blob/main/bibFiles/0488HumaydiJadwatTunji1952.bib
0498JayyaniAlqabQahirat1994,https://github.com/OpenITI/bibliography/blob/main/bibFiles/0498JayyaniAlqabQahirat1994.bib
0498JayyaniAlqabRiyad2013,https://github.com/OpenITI/bibliography/blob/main/bibFiles/0498JayyaniAlqabRiyad2013.bib
0498JayyaniTaqyidFadl1997,https://github.com/OpenITI/bibliography/blob/main/bibFiles/0498JayyaniTaqyidFadl1997.bib
0498JayyaniTaqyidFadl2008,https://github.com/OpenITI/bibliography/blob/main/bibFiles/0498JayyaniTaqyidFadl2008.bib
0498JayyaniTaqyidMakkat2000,https://github.com/OpenITI/bibliography/blob/main/bibFiles/0498JayyaniTaqyidMakkat2000.bib
0563KhatibGhunyatShahri2001,https://github.com/OpenITI/bibliography/blob/main/bibFiles/0563KhatibGhunyatShahri2001.bib
0746ShiraziTabaqatCabbas1970,https://github.com/OpenITI/bibliography/blob/main/bibFiles/0746ShiraziTabaqatCabbas1970.bib
0746ShiraziTabaqatCabbas1980,https://github.com/OpenITI/bibliography/blob/main/bibFiles/0746ShiraziTabaqatCabbas1980.bib
0746ShiraziTaqakatHusayni1937,https://github.com/OpenITI/bibliography/blob/main/bibFiles/0746ShiraziTaqakatHusayni1937.bib
0748DhahabiSiyarArnaut1981,https://github.com/OpenITI/bibliography/blob/main/bibFiles/0748DhahabiSiyarArnaut1981.bib
0748DhahabiSiyarMacruf1996,https://github.com/OpenITI/bibliography/blob/main/bibFiles/0748DhahabiSiyarMacruf1996.bib
0748DhahabiTarikhIslamMacruf2003,https://github.com/OpenITI/bibliography/blob/main/bibFiles/0748DhahabiTarikhIslamMacruf2003.bib
0748DhahabiTarikhIslamTadmuri1990,https://github.com/OpenITI/bibliography/blob/main/bibFiles/0748DhahabiTarikhIslamTadmuri1990.bib
0900AbuCabdAllahHimyariRawdMictarLevi1937,https://github.com/OpenITI/bibliography/blob/main/bibFiles/0900AbuCabdAllahHimyariRawdMictarLevi1937.bib
0900AbuCabdAllahHimyariRawdMictarLevi1969,https://github.com/OpenITI/bibliography/blob/main/bibFiles/0900AbuCabdAllahHimyariRawdMictarLevi1969.bib
0900AbuCabdAllahHimyariRawdMictarLevi1988,https://github.com/OpenITI/bibliography/blob/main/bibFiles/0900AbuCabdAllahHimyariRawdMictarLevi1988.bib
0900AbuCabdAllahHimyariRawdMictarRiyad2013,https://github.com/OpenITI/bibliography/blob/main/bibFiles/0900AbuCabdAllahHimyariRawdMictarRiyad2013.bib
0902SakhawiBuldaniyyatQattan2001,https://github.com/OpenITI/bibliography/blob/main/bibFiles/0902SakhawiBuldaniyyatQattan2001.bib
0902SakhawiDawLamicBayrut1966,https://github.com/OpenITI/bibliography/blob/main/bibFiles/0902SakhawiDawLamicBayrut1966.bib
0902SakhawiDawLamicBayrut1992,https://github.com/OpenITI/bibliography/blob/main/bibFiles/0902SakhawiDawLamicBayrut1992.bib
0902SakhawiDawLamicCabdRahman2003,https://github.com/OpenITI/bibliography/blob/main/bibFiles/0902SakhawiDawLamicCabdRahman2003.bib
0902SakhawiDawLamicQahirat1935,https://github.com/OpenITI/bibliography/blob/main/bibFiles/0902SakhawiDawLamicQahirat1935.bib
0902SakhawiDawLamicRiyad2013,https://github.com/OpenITI/bibliography/blob/main/bibFiles/0902SakhawiDawLamicRiyad2013.bib
0902SakhawiIclanBiTawbikhBayrut1983,https://github.com/OpenITI/bibliography/blob/main/bibFiles/0902SakhawiIclanBiTawbikhBayrut1983.bib
0902SakhawiIclanBiTawbikhBayrut1986,https://github.com/OpenITI/bibliography/blob/main/bibFiles/0902SakhawiIclanBiTawbikhBayrut1986.bib
0902SakhawiIclanBiTawbikhBayrut1992,https://github.com/OpenITI/bibliography/blob/main/bibFiles/0902SakhawiIclanBiTawbikhBayrut1992.bib
0902SakhawiIclanBiTawbikhBayrutXXXX,https://github.com/OpenITI/bibliography/blob/main/bibFiles/0902SakhawiIclanBiTawbikhBayrutXXXX.bib
0902SakhawiIclanBiTawbikhDimashq1930,https://github.com/OpenITI/bibliography/blob/main/bibFiles/0902SakhawiIclanBiTawbikhDimashq1930.bib
0902SakhawiIclanBiTawbikhKhisht1989,https://github.com/OpenITI/bibliography/blob/main/bibFiles/0902SakhawiIclanBiTawbikhKhisht1989.bib
0902SakhawiIclanBiTawbikhRosenthal1963,https://github.com/OpenITI/bibliography/blob/main/bibFiles/0902SakhawiIclanBiTawbikhRosenthal1963.bib
0902SakhawiManhalCadhbBayrut2005,https://github.com/OpenITI/bibliography/blob/main/bibFiles/0902SakhawiManhalCadhbBayrut2005.bib
0902SakhawiManhalCadhbMadinat1989,https://github.com/OpenITI/bibliography/blob/main/bibFiles/0902SakhawiManhalCadhbMadinat1989.bib
0902SakhawiTuhfaLatifaBayrut1993,https://github.com/OpenITI/bibliography/blob/main/bibFiles/0902SakhawiTuhfaLatifaBayrut1993.bib
0902SakhawiTuhfaLatifaDimashq2010,https://github.com/OpenITI/bibliography/blob/main/bibFiles/0902SakhawiTuhfaLatifaDimashq2010.bib
0902SakhawiTuhfaLatifaMadinat2008,https://github.com/OpenITI/bibliography/blob/main/bibFiles/0902SakhawiTuhfaLatifaMadinat2008.bib
0902SakhawiTuhfaLatifaQahirat1957,https://github.com/OpenITI/bibliography/blob/main/bibFiles/0902SakhawiTuhfaLatifaQahirat1957.bib
0902SakhawiTuhfaLatifaQahirat1979,https://github.com/OpenITI/bibliography/blob/main/bibFiles/0902SakhawiTuhfaLatifaQahirat1979.bib
0902SakhawiTuhfaLatifaRiyad2013,https://github.com/OpenITI/bibliography/blob/main/bibFiles/0902SakhawiTuhfaLatifaRiyad2013.bib
0904BurayhiTabaqatSulahaYamanHibshi1983,https://github.com/OpenITI/bibliography/blob/main/bibFiles/0904BurayhiTabaqatSulahaYamanHibshi1983.bib
0904BurayhiTabaqatSulahaYamanHibshi1994,https://github.com/OpenITI/bibliography/blob/main/bibFiles/0904BurayhiTabaqatSulahaYamanHibshi1994.bib
0904BurayhiTabaqatSulahaYamanHibshi2015,https://github.com/OpenITI/bibliography/blob/main/bibFiles/0904BurayhiTabaqatSulahaYamanHibshi2015.bib
0904BurayhiTabaqatSulahaYamanRiyad2013,https://github.com/OpenITI/bibliography/blob/main/bibFiles/0904BurayhiTabaqatSulahaYamanRiyad2013.bib
0905BasrawiTarikhBayrut1988,https://github.com/OpenITI/bibliography/blob/main/bibFiles/0905BasrawiTarikhBayrut1988.bib
0905BasrawiTarikhRiyad2013,https://github.com/OpenITI/bibliography/blob/main/bibFiles/0905BasrawiTarikhRiyad2013.bib
0909IbnMibradHanbaliMucjamKutubBushri1989,https://github.com/OpenITI/bibliography/blob/main/bibFiles/0909IbnMibradHanbaliMucjamKutubBushri1989.bib
0909IbnMibradHanbaliMucjamKutubRiyad2013,https://github.com/OpenITI/bibliography/blob/main/bibFiles/0909IbnMibradHanbaliMucjamKutubRiyad2013.bib
0911SamhudiKhulasaWafaWafaCumar2006,https://github.com/OpenITI/bibliography/blob/main/bibFiles/0911SamhudiKhulasaWafaWafaCumar2006.bib
0911SamhudiKhulasaWafaWafaFaqih1983,https://github.com/OpenITI/bibliography/blob/main/bibFiles/0911SamhudiKhulasaWafaWafaFaqih1983.bib
0911SamhudiKhulasaWafaWafaMadinat1972,https://github.com/OpenITI/bibliography/blob/main/bibFiles/0911SamhudiKhulasaWafaWafaMadinat1972.bib
0911SamhudiKhulasaWafaWafaMazidi2012,https://github.com/OpenITI/bibliography/blob/main/bibFiles/0911SamhudiKhulasaWafaWafaMazidi2012.bib
0911SamhudiKhulasaWafaWafaQahirat1869,https://github.com/OpenITI/bibliography/blob/main/bibFiles/0911SamhudiKhulasaWafaWafaQahirat1869.bib
0911SamhudiKhulasaWafaWafaQahirat2007,https://github.com/OpenITI/bibliography/blob/main/bibFiles/0911SamhudiKhulasaWafaWafaQahirat2007.bib
0911SamhudiWafaWafaCabdHamid1955,https://github.com/OpenITI/bibliography/blob/main/bibFiles/0911SamhudiWafaWafaCabdHamid1955.bib
0911SamhudiWafaWafaFutayyih2008,https://github.com/OpenITI/bibliography/blob/main/bibFiles/0911SamhudiWafaWafaFutayyih2008.bib
0911SamhudiWafaWafaQahirat1908,https://github.com/OpenITI/bibliography/blob/main/bibFiles/0911SamhudiWafaWafaQahirat1908.bib
0911SamhudiWafaWafaSamarrai2001,https://github.com/OpenITI/bibliography/blob/main/bibFiles/0911SamhudiWafaWafaSamarrai2001.bib
0911SuyutiAsmaMudallisinNassar1992,https://github.com/OpenITI/bibliography/blob/main/bibFiles/0911SuyutiAsmaMudallisinNassar1992.bib
0911SuyutiAsmaMudallisinSulayman2013,https://github.com/OpenITI/bibliography/blob/main/bibFiles/0911SuyutiAsmaMudallisinSulayman2013.bib
0911SuyutiAsmaMukhadraminRiyad2013,https://github.com/OpenITI/bibliography/blob/main/bibFiles/0911SuyutiAsmaMukhadraminRiyad2013.bib
0911SuyutiBughyaWucatCumar2005,https://github.com/OpenITI/bibliography/blob/main/bibFiles/0911SuyutiBughyaWucatCumar2005.bib
0911SuyutiBughyaWucatIbrahim1998,https://github.com/OpenITI/bibliography/blob/main/bibFiles/0911SuyutiBughyaWucatIbrahim1998.bib
0911SuyutiBughyaWucatIbrahim2003,https://github.com/OpenITI/bibliography/blob/main/bibFiles/0911SuyutiBughyaWucatIbrahim2003.bib
0911SuyutiBughyaWucatQahirat1908,https://github.com/OpenITI/bibliography/blob/main/bibFiles/0911SuyutiBughyaWucatQahirat1908.bib
0911SuyutiBughyaWucatQahirat1964,https://github.com/OpenITI/bibliography/blob/main/bibFiles/0911SuyutiBughyaWucatQahirat1964.bib
0911SuyutiBughyaWucatRiyad2013,https://github.com/OpenITI/bibliography/blob/main/bibFiles/0911SuyutiBughyaWucatRiyad2013.bib
0911SuyutiDhaylTabaqatHuffazRiyad2013,https://github.com/OpenITI/bibliography/blob/main/bibFiles/0911SuyutiDhaylTabaqatHuffazRiyad2013.bib
0911SuyutiGhurarFiFadailCumarHaydar1991,https://github.com/OpenITI/bibliography/blob/main/bibFiles/0911SuyutiGhurarFiFadailCumarHaydar1991.bib
0911SuyutiHusnMuhadaraCumar2007,https://github.com/OpenITI/bibliography/blob/main/bibFiles/0911SuyutiHusnMuhadaraCumar2007.bib
0911SuyutiHusnMuhadaraIbrahim1967,https://github.com/OpenITI/bibliography/blob/main/bibFiles/0911SuyutiHusnMuhadaraIbrahim1967.bib
0911SuyutiHusnMuhadaraMansur1997,https://github.com/OpenITI/bibliography/blob/main/bibFiles/0911SuyutiHusnMuhadaraMansur1997.bib
0911SuyutiHusnMuhadaraQahirat1860,https://github.com/OpenITI/bibliography/blob/main/bibFiles/0911SuyutiHusnMuhadaraQahirat1860.bib
0911SuyutiHusnMuhadaraQahirat1882,https://github.com/OpenITI/bibliography/blob/main/bibFiles/0911SuyutiHusnMuhadaraQahirat1882.bib
0911SuyutiHusnMuhadaraQahirat1904,https://github.com/OpenITI/bibliography/blob/main/bibFiles/0911SuyutiHusnMuhadaraQahirat1904.bib
0911SuyutiHusnMuhadaraQahirat1909,https://github.com/OpenITI/bibliography/blob/main/bibFiles/0911SuyutiHusnMuhadaraQahirat1909.bib
0911SuyutiIscafMubattaQahirat2007,https://github.com/OpenITI/bibliography/blob/main/bibFiles/0911SuyutiIscafMubattaQahirat2007.bib
0911SuyutiIscafMubattaQaryuti2004,https://github.com/OpenITI/bibliography/blob/main/bibFiles/0911SuyutiIscafMubattaQaryuti2004.bib
0911SuyutiIscafMubattaRiyad2013,https://github.com/OpenITI/bibliography/blob/main/bibFiles/0911SuyutiIscafMubattaRiyad2013.bib
0911SuyutiLubbLubabBaghdad1964,https://github.com/OpenITI/bibliography/blob/main/bibFiles/0911SuyutiLubbLubabBaghdad1964.bib
0911SuyutiLubbLubabBayrut1991,https://github.com/OpenITI/bibliography/blob/main/bibFiles/0911SuyutiLubbLubabBayrut1991.bib
0911SuyutiLubbLubabRiyad2013,https://github.com/OpenITI/bibliography/blob/main/bibFiles/0911SuyutiLubbLubabRiyad2013.bib
0911SuyutiNazmCiqyanCabsGhani2013,https://github.com/OpenITI/bibliography/blob/main/bibFiles/0911SuyutiNazmCiqyanCabsGhani2013.bib
0911SuyutiNazmCiqyanHitti1927,https://github.com/OpenITI/bibliography/blob/main/bibFiles/0911SuyutiNazmCiqyanHitti1927.bib
0911SuyutiNazmCiqyanHitti2000,https://github.com/OpenITI/bibliography/blob/main/bibFiles/0911SuyutiNazmCiqyanHitti2000.bib
0911SuyutiNazmCiqyanRiyad2013,https://github.com/OpenITI/bibliography/blob/main/bibFiles/0911SuyutiNazmCiqyanRiyad2013.bib
0911SuyutiRihNisrinMujawwid1985,https://github.com/OpenITI/bibliography/blob/main/bibFiles/0911SuyutiRihNisrinMujawwid1985.bib
0911SuyutiRihNisrinRiyad2013,https://github.com/OpenITI/bibliography/blob/main/bibFiles/0911SuyutiRihNisrinRiyad2013.bib
0911SuyutiTabaqatHuffazBayrut1983,https://github.com/OpenITI/bibliography/blob/main/bibFiles/0911SuyutiTabaqatHuffazBayrut1983.bib
0911SuyutiTabaqatHuffazBayrut1994,https://github.com/OpenITI/bibliography/blob/main/bibFiles/0911SuyutiTabaqatHuffazBayrut1994.bib
0911SuyutiTabaqatHuffazCumar1973,https://github.com/OpenITI/bibliography/blob/main/bibFiles/0911SuyutiTabaqatHuffazCumar1973.bib
0911SuyutiTabaqatHuffazQahirat1833,https://github.com/OpenITI/bibliography/blob/main/bibFiles/0911SuyutiTabaqatHuffazQahirat1833.bib
0911SuyutiTabaqatHuffazRiyad2013,https://github.com/OpenITI/bibliography/blob/main/bibFiles/0911SuyutiTabaqatHuffazRiyad2013.bib
0911SuyutiTabaqatMufassirinCumar1976,https://github.com/OpenITI/bibliography/blob/main/bibFiles/0911SuyutiTabaqatMufassirinCumar1976.bib
0911SuyutiTabaqatMufassirinFaydAllah2019,https://github.com/OpenITI/bibliography/blob/main/bibFiles/0911SuyutiTabaqatMufassirinFaydAllah2019.bib
0911SuyutiTabaqatMufassirinKuwait2010,https://github.com/OpenITI/bibliography/blob/main/bibFiles/0911SuyutiTabaqatMufassirinKuwait2010.bib
0911SuyutiTarikhKhulafaBayrut1960,https://github.com/OpenITI/bibliography/blob/main/bibFiles/0911SuyutiTarikhKhulafaBayrut1960.bib
0911SuyutiTarikhKhulafaBayrut1969,https://github.com/OpenITI/bibliography/blob/main/bibFiles/0911SuyutiTarikhKhulafaBayrut1969.bib
0911SuyutiTarikhKhulafaBayrut1970,https://github.com/OpenITI/bibliography/blob/main/bibFiles/0911SuyutiTarikhKhulafaBayrut1970.bib
0911SuyutiTarikhKhulafaBayrut1988,https://github.com/OpenITI/bibliography/blob/main/bibFiles/0911SuyutiTarikhKhulafaBayrut1988.bib
0911SuyutiTarikhKhulafaBayrut2003,https://github.com/OpenITI/bibliography/blob/main/bibFiles/0911SuyutiTarikhKhulafaBayrut2003.bib
0911SuyutiTarikhKhulafaBayrut2005,https://github.com/OpenITI/bibliography/blob/main/bibFiles/0911SuyutiTarikhKhulafaBayrut2005.bib
0911SuyutiTarikhKhulafaBayrut2011,https://github.com/OpenITI/bibliography/blob/main/bibFiles/0911SuyutiTarikhKhulafaBayrut2011.bib
0911SuyutiTarikhKhulafaBayrut2019,https://github.com/OpenITI/bibliography/blob/main/bibFiles/0911SuyutiTarikhKhulafaBayrut2019.bib
0911SuyutiTarikhKhulafaBayrutJiddat2013,https://github.com/OpenITI/bibliography/blob/main/bibFiles/0911SuyutiTarikhKhulafaBayrutJiddat2013.bib
0911SuyutiTarikhKhulafaCabdHamid1952,https://github.com/OpenITI/bibliography/blob/main/bibFiles/0911SuyutiTarikhKhulafaCabdHamid1952.bib
0911SuyutiTarikhKhulafaCakkawi1992,https://github.com/OpenITI/bibliography/blob/main/bibFiles/0911SuyutiTarikhKhulafaCakkawi1992.bib
0911SuyutiTarikhKhulafaCalcutta1856,https://github.com/OpenITI/bibliography/blob/main/bibFiles/0911SuyutiTarikhKhulafaCalcutta1856.bib
0911SuyutiTarikhKhulafaCata1993,https://github.com/OpenITI/bibliography/blob/main/bibFiles/0911SuyutiTarikhKhulafaCata1993.bib
0911SuyutiTarikhKhulafaHalabi1996,https://github.com/OpenITI/bibliography/blob/main/bibFiles/0911SuyutiTarikhKhulafaHalabi1996.bib
0911SuyutiTarikhKhulafaIbrahim1976,https://github.com/OpenITI/bibliography/blob/main/bibFiles/0911SuyutiTarikhKhulafaIbrahim1976.bib
0911SuyutiTarikhKhulafaLahur1892,https://github.com/OpenITI/bibliography/blob/main/bibFiles/0911SuyutiTarikhKhulafaLahur1892.bib
0911SuyutiTarikhKhulafaQahirat1887,https://github.com/OpenITI/bibliography/blob/main/bibFiles/0911SuyutiTarikhKhulafaQahirat1887.bib
0911SuyutiTarikhKhulafaQahirat1959,https://github.com/OpenITI/bibliography/blob/main/bibFiles/0911SuyutiTarikhKhulafaQahirat1959.bib
0911SuyutiTarikhKhulafaQahirat1964,https://github.com/OpenITI/bibliography/blob/main/bibFiles/0911SuyutiTarikhKhulafaQahirat1964.bib
0911SuyutiTarikhKhulafaQahirat1999,https://github.com/OpenITI/bibliography/blob/main/bibFiles/0911SuyutiTarikhKhulafaQahirat1999.bib
0911SuyutiTarikhKhulafaRidwan2004,https://github.com/OpenITI/bibliography/blob/main/bibFiles/0911SuyutiTarikhKhulafaRidwan2004.bib
0911SuyutiTarikhKhulafaSalih1997,https://github.com/OpenITI/bibliography/blob/main/bibFiles/0911SuyutiTarikhKhulafaSalih1997.bib
0922IbnShaykhTarabulusiIscafAwqafBayrut1981,https://github.com/OpenITI/bibliography/blob/main/bibFiles/0922IbnShaykhTarabulusiIscafAwqafBayrut1981.bib
0922IbnShaykhTarabulusiIscafAwqafCamman2015,https://github.com/OpenITI/bibliography/blob/main/bibFiles/0922IbnShaykhTarabulusiIscafAwqafCamman2015.bib
0922IbnShaykhTarabulusiIscafAwqafJiddat2013,https://github.com/OpenITI/bibliography/blob/main/bibFiles/0922IbnShaykhTarabulusiIscafAwqafJiddat2013.bib
0922IbnShaykhTarabulusiIscafAwqafMakkat1986,https://github.com/OpenITI/bibliography/blob/main/bibFiles/0922IbnShaykhTarabulusiIscafAwqafMakkat1986.bib
0922IbnShaykhTarabulusiIscafAwqafMizzi2015,https://github.com/OpenITI/bibliography/blob/main/bibFiles/0922IbnShaykhTarabulusiIscafAwqafMizzi2015.bib
0922IbnShaykhTarabulusiIscafAwqafQahirat1875,https://github.com/OpenITI/bibliography/blob/main/bibFiles/0922IbnShaykhTarabulusiIscafAwqafQahirat1875.bib
0922IbnShaykhTarabulusiIscafAwqafQahirat1902,https://github.com/OpenITI/bibliography/blob/main/bibFiles/0922IbnShaykhTarabulusiIscafAwqafQahirat1902.bib
0922IbnShaykhTarabulusiIscafAwqafQahirat2006,https://github.com/OpenITI/bibliography/blob/main/bibFiles/0922IbnShaykhTarabulusiIscafAwqafQahirat2006.bib
0922IbnShaykhTarabulusiIscafAwqafQahirat2007,https://github.com/OpenITI/bibliography/blob/main/bibFiles/0922IbnShaykhTarabulusiIscafAwqafQahirat2007.bib
0922IbnShaykhTarabulusiIscafAwqafRiyad2005,https://github.com/OpenITI/bibliography/blob/main/bibFiles/0922IbnShaykhTarabulusiIscafAwqafRiyad2005.bib
0923IbnCabdAllahKhazrajiKhulasaTahdhibFayid1971,https://github.com/OpenITI/bibliography/blob/main/bibFiles/0923IbnCabdAllahKhazrajiKhulasaTahdhibFayid1971.bib
0923IbnCabdAllahKhazrajiKhulasaTahdhibHalab1971,https://github.com/OpenITI/bibliography/blob/main/bibFiles/0923IbnCabdAllahKhazrajiKhulasaTahdhibHalab1971.bib
0923IbnCabdAllahKhazrajiKhulasaTahdhibHalab1979,https://github.com/OpenITI/bibliography/blob/main/bibFiles/0923IbnCabdAllahKhazrajiKhulasaTahdhibHalab1979.bib
0923IbnCabdAllahKhazrajiKhulasaTahdhibHalab1991,https://github.com/OpenITI/bibliography/blob/main/bibFiles/0923IbnCabdAllahKhazrajiKhulasaTahdhibHalab1991.bib
0923IbnCabdAllahKhazrajiKhulasaTahdhibHalab1995,https://github.com/OpenITI/bibliography/blob/main/bibFiles/0923IbnCabdAllahKhazrajiKhulasaTahdhibHalab1995.bib
0923IbnCabdAllahKhazrajiKhulasaTahdhibQahirat1905,https://github.com/OpenITI/bibliography/blob/main/bibFiles/0923IbnCabdAllahKhazrajiKhulasaTahdhibQahirat1905.bib
0923IbnCabdAllahKhazrajiKhulasaTahdhibRiyad2013,https://github.com/OpenITI/bibliography/blob/main/bibFiles/0923IbnCabdAllahKhazrajiKhulasaTahdhibRiyad2013.bib
0923IbnCabdAllahKhazrajiKhulasaTahdhibShura2001,https://github.com/OpenITI/bibliography/blob/main/bibFiles/0923IbnCabdAllahKhazrajiKhulasaTahdhibShura2001.bib
0927CulaymiUnsJalilQahirat1866,https://github.com/OpenITI/bibliography/blob/main/bibFiles/0927CulaymiUnsJalilQahirat1866.bib
0927CulaymiUnsJalilQahiratBahr1968,https://github.com/OpenITI/bibliography/blob/main/bibFiles/0927CulaymiUnsJalilQahiratBahr1968.bib
0927CulaymiUnsJalilQahiratCamman2009,https://github.com/OpenITI/bibliography/blob/main/bibFiles/0927CulaymiUnsJalilQahiratCamman2009.bib
0927CulaymiUnsJalilQahiratKacabinat1999,https://github.com/OpenITI/bibliography/blob/main/bibFiles/0927CulaymiUnsJalilQahiratKacabinat1999.bib
0927CulaymiUnsJalilQahiratRiyad2013,https://github.com/OpenITI/bibliography/blob/main/bibFiles/0927CulaymiUnsJalilQahiratRiyad2013.bib
0927NucaymiDarisFiMadarisDimashq2014,https://github.com/OpenITI/bibliography/blob/main/bibFiles/0927NucaymiDarisFiMadarisDimashq2014.bib
0927NucaymiDarisFiMadarisHasani1948,https://github.com/OpenITI/bibliography/blob/main/bibFiles/0927NucaymiDarisFiMadarisHasani1948.bib
0927NucaymiDarisFiMadarisHasani1988,https://github.com/OpenITI/bibliography/blob/main/bibFiles/0927NucaymiDarisFiMadarisHasani1988.bib
0927NucaymiDarisFiMadarisRiyad2013,https://github.com/OpenITI/bibliography/blob/main/bibFiles/0927NucaymiDarisFiMadarisRiyad2013.bib
0929IbnKayyalKawakibNayyiratCabdRabb1981,https://github.com/OpenITI/bibliography/blob/main/bibFiles/0929IbnKayyalKawakibNayyiratCabdRabb1981.bib
0929IbnKayyalKawakibNayyiratCabdRabb1999,https://github.com/OpenITI/bibliography/blob/main/bibFiles/0929IbnKayyalKawakibNayyiratCabdRabb1999.bib
0929IbnKayyalKawakibNayyiratSalafi1987,https://github.com/OpenITI/bibliography/blob/main/bibFiles/0929IbnKayyalKawakibNayyiratSalafi1987.bib
0930IbnIyasBadKhalqIbrahim1992,https://github.com/OpenITI/bibliography/blob/main/bibFiles/0930IbnIyasBadKhalqIbrahim1992.bib
0930IbnIyasBadaicZuhurBayrut1972,https://github.com/OpenITI/bibliography/blob/main/bibFiles/0930IbnIyasBadaicZuhurBayrut1972.bib
0930IbnIyasBadaicZuhurDimashq1950,https://github.com/OpenITI/bibliography/blob/main/bibFiles/0930IbnIyasBadaicZuhurDimashq1950.bib
0930IbnIyasBadaicZuhurMustafa1931,https://github.com/OpenITI/bibliography/blob/main/bibFiles/0930IbnIyasBadaicZuhurMustafa1931.bib
0930IbnIyasBadaicZuhurMustafa1960,https://github.com/OpenITI/bibliography/blob/main/bibFiles/0930IbnIyasBadaicZuhurMustafa1960.bib
0930IbnIyasBadaicZuhurMustafa1984,https://github.com/OpenITI/bibliography/blob/main/bibFiles/0930IbnIyasBadaicZuhurMustafa1984.bib
0930IbnIyasBadaicZuhurQahirat1962,https://github.com/OpenITI/bibliography/blob/main/bibFiles/0930IbnIyasBadaicZuhurQahirat1962.bib
0930IbnIyasJawahirSulukCazab2006,https://github.com/OpenITI/bibliography/blob/main/bibFiles/0930IbnIyasJawahirSulukCazab2006.bib
0930IbnIyasNuzhatUmamCazab1995,https://github.com/OpenITI/bibliography/blob/main/bibFiles/0930IbnIyasNuzhatUmamCazab1995.bib
0938IbnCaliBalawiThabatBayrut1983,https://github.com/OpenITI/bibliography/blob/main/bibFiles/0938IbnCaliBalawiThabatBayrut1983.bib
0945ShamsDinDawudiTabaqatMufassirinBayrut1983,https://github.com/OpenITI/bibliography/blob/main/bibFiles/0945ShamsDinDawudiTabaqatMufassirinBayrut1983.bib
0945ShamsDinDawudiTabaqatMufassirinCumar1972,https://github.com/OpenITI/bibliography/blob/main/bibFiles/0945ShamsDinDawudiTabaqatMufassirinCumar1972.bib
0945ShamsDinDawudiTabaqatMufassirinCumar1994,https://github.com/OpenITI/bibliography/blob/main/bibFiles/0945ShamsDinDawudiTabaqatMufassirinCumar1994.bib
0945ShamsDinDawudiTabaqatMufassirinRiyad2013,https://github.com/OpenITI/bibliography/blob/main/bibFiles/0945ShamsDinDawudiTabaqatMufassirinRiyad2013.bib
0953IbnTulunMufakahaKhillanMansur1998,https://github.com/OpenITI/bibliography/blob/main/bibFiles/0953IbnTulunMufakahaKhillanMansur1998.bib
0953IbnTulunMufakahaKhillanMustafa1962,https://github.com/OpenITI/bibliography/blob/main/bibFiles/0953IbnTulunMufakahaKhillanMustafa1962.bib
0953IbnTulunMufakahaKhillanRiyad2013,https://github.com/OpenITI/bibliography/blob/main/bibFiles/0953IbnTulunMufakahaKhillanRiyad2013.bib
0968TashkubruizadahShaqaiqNucmaniyyaBayrut1975,https://github.com/OpenITI/bibliography/blob/main/bibFiles/0968TashkubruizadahShaqaiqNucmaniyyaBayrut1975.bib
0968TashkubruizadahShaqaiqNucmaniyyaFurat1985,https://github.com/OpenITI/bibliography/blob/main/bibFiles/0968TashkubruizadahShaqaiqNucmaniyyaFurat1985.bib
0968TashkubruizadahShaqaiqNucmaniyyaRiyad2013,https://github.com/OpenITI/bibliography/blob/main/bibFiles/0968TashkubruizadahShaqaiqNucmaniyyaRiyad2013.bib
0968TashkubruizadahShaqaiqNucmaniyyaTabatabai2010,https://github.com/OpenITI/bibliography/blob/main/bibFiles/0968TashkubruizadahShaqaiqNucmaniyyaTabatabai2010.bib
0973CabdWahhabShacraniLawaqihAnwarBayrut1988,https://github.com/OpenITI/bibliography/blob/main/bibFiles/0973CabdWahhabShacraniLawaqihAnwarBayrut1988.bib
0973CabdWahhabShacraniLawaqihAnwarBayrut2005,https://github.com/OpenITI/bibliography/blob/main/bibFiles/0973CabdWahhabShacraniLawaqihAnwarBayrut2005.bib
0973CabdWahhabShacraniLawaqihAnwarCabdCazim2013b,https://github.com/OpenITI/bibliography/blob/main/bibFiles/0973CabdWahhabShacraniLawaqihAnwarCabdCazim2013b.bib
0973CabdWahhabShacraniLawaqihAnwarFasi2006,https://github.com/OpenITI/bibliography/blob/main/bibFiles/0973CabdWahhabShacraniLawaqihAnwarFasi2006.bib
0973CabdWahhabShacraniLawaqihAnwarFasi2013,https://github.com/OpenITI/bibliography/blob/main/bibFiles/0973CabdWahhabShacraniLawaqihAnwarFasi2013.bib
0973CabdWahhabShacraniLawaqihAnwarFasi2018,https://github.com/OpenITI/bibliography/blob/main/bibFiles/0973CabdWahhabShacraniLawaqihAnwarFasi2018.bib
0973CabdWahhabShacraniLawaqihAnwarMahmud1993,https://github.com/OpenITI/bibliography/blob/main/bibFiles/0973CabdWahhabShacraniLawaqihAnwarMahmud1993.bib
0973CabdWahhabShacraniLawaqihAnwarMansur1997,https://github.com/OpenITI/bibliography/blob/main/bibFiles/0973CabdWahhabShacraniLawaqihAnwarMansur1997.bib
0973CabdWahhabShacraniLawaqihAnwarQahirat1860,https://github.com/OpenITI/bibliography/blob/main/bibFiles/0973CabdWahhabShacraniLawaqihAnwarQahirat1860.bib
0973CabdWahhabShacraniLawaqihAnwarQahirat1870,https://github.com/OpenITI/bibliography/blob/main/bibFiles/0973CabdWahhabShacraniLawaqihAnwarQahirat1870.bib
0973CabdWahhabShacraniLawaqihAnwarQahirat1897,https://github.com/OpenITI/bibliography/blob/main/bibFiles/0973CabdWahhabShacraniLawaqihAnwarQahirat1897.bib
0973CabdWahhabShacraniLawaqihAnwarQahirat1954,https://github.com/OpenITI/bibliography/blob/main/bibFiles/0973CabdWahhabShacraniLawaqihAnwarQahirat1954.bib
0973CabdWahhabShacraniLawaqihAnwarQahirat1965,https://github.com/OpenITI/bibliography/blob/main/bibFiles/0973CabdWahhabShacraniLawaqihAnwarQahirat1965.bib
0973CabdWahhabShacraniLawaqihAnwarQahirat2005,https://github.com/OpenITI/bibliography/blob/main/bibFiles/0973CabdWahhabShacraniLawaqihAnwarQahirat2005.bib
0973CabdWahhabShacraniLawaqihAnwarQahirat2012,https://github.com/OpenITI/bibliography/blob/main/bibFiles/0973CabdWahhabShacraniLawaqihAnwarQahirat2012.bib
0973CabdWahhabShacraniLawaqihAnwarRiyad2013,https://github.com/OpenITI/bibliography/blob/main/bibFiles/0973CabdWahhabShacraniLawaqihAnwarRiyad2013.bib
1010TamimiDariTabaqatSaniyaHulw1970,https://github.com/OpenITI/bibliography/blob/main/bibFiles/1010TamimiDariTabaqatSaniyaHulw1970.bib
1010TamimiDariTabaqatSaniyaHulw1983,https://github.com/OpenITI/bibliography/blob/main/bibFiles/1010TamimiDariTabaqatSaniyaHulw1983.bib
1010TamimiDariTabaqatSaniyaRiyad2013,https://github.com/OpenITI/bibliography/blob/main/bibFiles/1010TamimiDariTabaqatSaniyaRiyad2013.bib
1011SahibMacalimTahrirTawusiJawahiri1991,https://github.com/OpenITI/bibliography/blob/main/bibFiles/1011SahibMacalimTahrirTawusiJawahiri1991.bib
1011SahibMacalimTahrirTawusiTarhini1949,https://github.com/OpenITI/bibliography/blob/main/bibFiles/1011SahibMacalimTahrirTawusiTarhini1949.bib
1011SahibMacalimTahrirTawusiTarhini1988,https://github.com/OpenITI/bibliography/blob/main/bibFiles/1011SahibMacalimTahrirTawusiTarhini1988.bib
1016MuhibbDinHamawiHadiAzcanBakhit1993,https://github.com/OpenITI/bibliography/blob/main/bibFiles/1016MuhibbDinHamawiHadiAzcanBakhit1993.bib
1016MuhibbDinHamawiHadiAzcanRiyad2013,https://github.com/OpenITI/bibliography/blob/main/bibFiles/1016MuhibbDinHamawiHadiAzcanRiyad2013.bib
1025IbnQadiDhaylWafayatAcyanAbuNur1970,https://github.com/OpenITI/bibliography/blob/main/bibFiles/1025IbnQadiDhaylWafayatAcyanAbuNur1970.bib
1036AhmadBabaTanbuktiKifayatMuhtajCumar2004,https://github.com/OpenITI/bibliography/blob/main/bibFiles/1036AhmadBabaTanbuktiKifayatMuhtajCumar2004.bib
1036AhmadBabaTanbuktiKifayatMuhtajKundari2002,https://github.com/OpenITI/bibliography/blob/main/bibFiles/1036AhmadBabaTanbuktiKifayatMuhtajKundari2002.bib
1036AhmadBabaTanbuktiKifayatMuhtajMutic2000,https://github.com/OpenITI/bibliography/blob/main/bibFiles/1036AhmadBabaTanbuktiKifayatMuhtajMutic2000.bib
1036AhmadBabaTanbuktiMicrajSucudRibat2000,https://github.com/OpenITI/bibliography/blob/main/bibFiles/1036AhmadBabaTanbuktiMicrajSucudRibat2000.bib
1036AhmadBabaTanbuktiNaylIbtihajBayrut2013,https://github.com/OpenITI/bibliography/blob/main/bibFiles/1036AhmadBabaTanbuktiNaylIbtihajBayrut2013.bib
1036AhmadBabaTanbuktiNaylIbtihajCumar2004,https://github.com/OpenITI/bibliography/blob/main/bibFiles/1036AhmadBabaTanbuktiNaylIbtihajCumar2004.bib
1036AhmadBabaTanbuktiNaylIbtihajCumar2015,https://github.com/OpenITI/bibliography/blob/main/bibFiles/1036AhmadBabaTanbuktiNaylIbtihajCumar2015.bib
1036AhmadBabaTanbuktiNaylIbtihajFas1899,https://github.com/OpenITI/bibliography/blob/main/bibFiles/1036AhmadBabaTanbuktiNaylIbtihajFas1899.bib
1036AhmadBabaTanbuktiNaylIbtihajTarabulus1989,https://github.com/OpenITI/bibliography/blob/main/bibFiles/1036AhmadBabaTanbuktiNaylIbtihajTarabulus1989.bib
1036AhmadBabaTanbuktiNaylIbtihajTarabulus2000,https://github.com/OpenITI/bibliography/blob/main/bibFiles/1036AhmadBabaTanbuktiNaylIbtihajTarabulus2000.bib
1036AhmadBabaTanbuktiTuhfatFudalaSacid1992,https://github.com/OpenITI/bibliography/blob/main/bibFiles/1036AhmadBabaTanbuktiTuhfatFudalaSacid1992.bib
1037CabdQadirCaydarusTarikhNurSafirBaghdad1934,https://github.com/OpenITI/bibliography/blob/main/bibFiles/1037CabdQadirCaydarusTarikhNurSafirBaghdad1934.bib
1037CabdQadirCaydarusTarikhNurSafirBaghdad1985,https://github.com/OpenITI/bibliography/blob/main/bibFiles/1037CabdQadirCaydarusTarikhNurSafirBaghdad1985.bib
1037CabdQadirCaydarusTarikhNurSafirBayrut2001,https://github.com/OpenITI/bibliography/blob/main/bibFiles/1037CabdQadirCaydarusTarikhNurSafirBayrut2001.bib
1037CabdQadirCaydarusTarikhNurSafirQahirat1980,https://github.com/OpenITI/bibliography/blob/main/bibFiles/1037CabdQadirCaydarusTarikhNurSafirQahirat1980.bib
1041BurhanDinMalikiBahjaMahafilQahirat2011,https://github.com/OpenITI/bibliography/blob/main/bibFiles/1041BurhanDinMalikiBahjaMahafilQahirat2011.bib
1041MaqqariAzharRiyadRibat1978,https://github.com/OpenITI/bibliography/blob/main/bibFiles/1041MaqqariAzharRiyadRibat1978.bib
1041MaqqariAzharRiyadRiyad2013,https://github.com/OpenITI/bibliography/blob/main/bibFiles/1041MaqqariAzharRiyadRiyad2013.bib
1041MaqqariAzharRiyadSaqqa1939,https://github.com/OpenITI/bibliography/blob/main/bibFiles/1041MaqqariAzharRiyadSaqqa1939.bib
1041MaqqariAzharRiyadTunis1904,https://github.com/OpenITI/bibliography/blob/main/bibFiles/1041MaqqariAzharRiyadTunis1904.bib
1041MaqqariNafhTibBayrut1986,https://github.com/OpenITI/bibliography/blob/main/bibFiles/1041MaqqariNafhTibBayrut1986.bib
1041MaqqariNafhTibBayrut1995,https://github.com/OpenITI/bibliography/blob/main/bibFiles/1041MaqqariNafhTibBayrut1995.bib
1041MaqqariNafhTibCabbas1968,https://github.com/OpenITI/bibliography/blob/main/bibFiles/1041MaqqariNafhTibCabbas1968.bib
1041MaqqariNafhTibCabbas1988,https://github.com/OpenITI/bibliography/blob/main/bibFiles/1041MaqqariNafhTibCabbas1988.bib
1041MaqqariNafhTibCabbas1997,https://github.com/OpenITI/bibliography/blob/main/bibFiles/1041MaqqariNafhTibCabbas1997.bib
1041MaqqariNafhTibCabdHamid1949,https://github.com/OpenITI/bibliography/blob/main/bibFiles/1041MaqqariNafhTibCabdHamid1949.bib
1041MaqqariNafhTibCabdHamid1967,https://github.com/OpenITI/bibliography/blob/main/bibFiles/1041MaqqariNafhTibCabdHamid1967.bib
1041MaqqariNafhTibMuhibbi1862,https://github.com/OpenITI/bibliography/blob/main/bibFiles/1041MaqqariNafhTibMuhibbi1862.bib
1041MaqqariNafhTibQahirat1885,https://github.com/OpenITI/bibliography/blob/main/bibFiles/1041MaqqariNafhTibQahirat1885.bib
1041MaqqariNafhTibRiyad2013,https://github.com/OpenITI/bibliography/blob/main/bibFiles/1041MaqqariNafhTibRiyad2013.bib
1041MaqqariRawdatAsHashim2012,https://github.com/OpenITI/bibliography/blob/main/bibFiles/1041MaqqariRawdatAsHashim2012.bib
1041MaqqariRawdatAsRibat1964,https://github.com/OpenITI/bibliography/blob/main/bibFiles/1041MaqqariRawdatAsRibat1964.bib
1041MaqqariRawdatAsRibat1983,https://github.com/OpenITI/bibliography/blob/main/bibFiles/1041MaqqariRawdatAsRibat1983.bib
1051CimadiRawdaRayya2013,https://github.com/OpenITI/bibliography/blob/main/bibFiles/1051CimadiRawdaRayya2013.bib
1051CimadiRawdaRayyaDimashq1988,https://github.com/OpenITI/bibliography/blob/main/bibFiles/1051CimadiRawdaRayyaDimashq1988.bib
1061NajmDinGhazziKawakibSairaJabbur1945,https://github.com/OpenITI/bibliography/blob/main/bibFiles/1061NajmDinGhazziKawakibSairaJabbur1945.bib
1061NajmDinGhazziKawakibSairaJabbur1979,https://github.com/OpenITI/bibliography/blob/main/bibFiles/1061NajmDinGhazziKawakibSairaJabbur1979.bib
1061NajmDinGhazziKawakibSairaMansur1997,https://github.com/OpenITI/bibliography/blob/main/bibFiles/1061NajmDinGhazziKawakibSairaMansur1997.bib
1067HajjiKhalifaKashfZununAdkawi1858,https://github.com/OpenITI/bibliography/blob/main/bibFiles/1067HajjiKhalifaKashfZununAdkawi1858.bib
1067HajjiKhalifaKashfZununBayrut1941,https://github.com/OpenITI/bibliography/blob/main/bibFiles/1067HajjiKhalifaKashfZununBayrut1941.bib
1067HajjiKhalifaKashfZununBayrut1992,https://github.com/OpenITI/bibliography/blob/main/bibFiles/1067HajjiKhalifaKashfZununBayrut1992.bib
1067HajjiKhalifaKashfZununCata2008,https://github.com/OpenITI/bibliography/blob/main/bibFiles/1067HajjiKhalifaKashfZununCata2008.bib
1067HajjiKhalifaKashfZununIstanbul1892,https://github.com/OpenITI/bibliography/blob/main/bibFiles/1067HajjiKhalifaKashfZununIstanbul1892.bib
1067HajjiKhalifaKashfZununLondon2021,https://github.com/OpenITI/bibliography/blob/main/bibFiles/1067HajjiKhalifaKashfZununLondon2021.bib
1069ShihabDinKhafajiRayhanaAlibbaBayrut2005,https://github.com/OpenITI/bibliography/blob/main/bibFiles/1069ShihabDinKhafajiRayhanaAlibbaBayrut2005.bib
1069ShihabDinKhafajiRayhanaAlibbaHulw1966,https://github.com/OpenITI/bibliography/blob/main/bibFiles/1069ShihabDinKhafajiRayhanaAlibbaHulw1966.bib
1069ShihabDinKhafajiRayhanaAlibbaQahirat1877,https://github.com/OpenITI/bibliography/blob/main/bibFiles/1069ShihabDinKhafajiRayhanaAlibbaQahirat1877.bib
1069ShihabDinKhafajiRayhanaAlibbaQahirat1888,https://github.com/OpenITI/bibliography/blob/main/bibFiles/1069ShihabDinKhafajiRayhanaAlibbaQahirat1888.bib
1069ShihabDinKhafajiRayhanaAlibbaRiyad2013,https://github.com/OpenITI/bibliography/blob/main/bibFiles/1069ShihabDinKhafajiRayhanaAlibbaRiyad2013.bib
1070MuhammadKibritRihlaShitaQahirat1876,https://github.com/OpenITI/bibliography/blob/main/bibFiles/1070MuhammadKibritRihlaShitaQahirat1876.bib
1070MuhammadKibritRihlaShitaShanwani2004,https://github.com/OpenITI/bibliography/blob/main/bibFiles/1070MuhammadKibritRihlaShitaShanwani2004.bib
1070MuhammadKibritRihlaShitaTantawi1955,https://github.com/OpenITI/bibliography/blob/main/bibFiles/1070MuhammadKibritRihlaShitaTantawi1955.bib
1070MuhammadKibritRihlaShitaTantawi1965,https://github.com/OpenITI/bibliography/blob/main/bibFiles/1070MuhammadKibritRihlaShitaTantawi1965.bib
1078RiyadZadahAsmaKutubRiyad2013,https://github.com/OpenITI/bibliography/blob/main/bibFiles/1078RiyadZadahAsmaKutubRiyad2013.bib
1078RiyadZadahAsmaKutubTunji1975,https://github.com/OpenITI/bibliography/blob/main/bibFiles/1078RiyadZadahAsmaKutubTunji1975.bib
1078RiyadZadahAsmaKutubTunji1978,https://github.com/OpenITI/bibliography/blob/main/bibFiles/1078RiyadZadahAsmaKutubTunji1978.bib
1078RiyadZadahAsmaKutubTunji1983,https://github.com/OpenITI/bibliography/blob/main/bibFiles/1078RiyadZadahAsmaKutubTunji1983.bib
1086IbnCajamiMisriDhaylLubbLubabBayrut2017,https://github.com/OpenITI/bibliography/blob/main/bibFiles/1086IbnCajamiMisriDhaylLubbLubabBayrut2017.bib
1086IbnCajamiMisriDhaylLubbLubabNucuman2011,https://github.com/OpenITI/bibliography/blob/main/bibFiles/1086IbnCajamiMisriDhaylLubbLubabNucuman2011.bib
1089IbnCimadShadharatArnacut1986,https://github.com/OpenITI/bibliography/blob/main/bibFiles/1089IbnCimadShadharatArnacut1986.bib
1089IbnCimadShadharatBayrut1966,https://github.com/OpenITI/bibliography/blob/main/bibFiles/1089IbnCimadShadharatBayrut1966.bib
1089IbnCimadShadharatCata2012,https://github.com/OpenITI/bibliography/blob/main/bibFiles/1089IbnCimadShadharatCata2012.bib
1089IbnCimadShadharatDimashq1979,https://github.com/OpenITI/bibliography/blob/main/bibFiles/1089IbnCimadShadharatDimashq1979.bib
1089IbnCimadShadharatMuhammad1990,https://github.com/OpenITI/bibliography/blob/main/bibFiles/1089IbnCimadShadharatMuhammad1990.bib
1089IbnCimadShadharatQahirat1931,https://github.com/OpenITI/bibliography/blob/main/bibFiles/1089IbnCimadShadharatQahirat1931.bib
1093ShilliMashracRawiQahirat1901,https://github.com/OpenITI/bibliography/blob/main/bibFiles/1093ShilliMashracRawiQahirat1901.bib
1093ShilliSanaBahirMaqhafi2004,https://github.com/OpenITI/bibliography/blob/main/bibFiles/1093ShilliSanaBahirMaqhafi2004.bib
1100IbnMuhammadAdnahwiTabaqatMufassirinBayrut1983,https://github.com/OpenITI/bibliography/blob/main/bibFiles/1100IbnMuhammadAdnahwiTabaqatMufassirinBayrut1983.bib
1100IbnMuhammadAdnahwiTabaqatMufassirinCumar1972,https://github.com/OpenITI/bibliography/blob/main/bibFiles/1100IbnMuhammadAdnahwiTabaqatMufassirinCumar1972.bib
1100IbnMuhammadAdnahwiTabaqatMufassirinCumar1994,https://github.com/OpenITI/bibliography/blob/main/bibFiles/1100IbnMuhammadAdnahwiTabaqatMufassirinCumar1994.bib
1100IbnMuhammadAdnahwiTabaqatMufassirinRiyad2013,https://github.com/OpenITI/bibliography/blob/main/bibFiles/1100IbnMuhammadAdnahwiTabaqatMufassirinRiyad2013.bib
1100MustafaTafrishiNaqdRijalBayrut1999,https://github.com/OpenITI/bibliography/blob/main/bibFiles/1100MustafaTafrishiNaqdRijalBayrut1999.bib
1100MustafaTafrishiNaqdRijalQum1980,https://github.com/OpenITI/bibliography/blob/main/bibFiles/1100MustafaTafrishiNaqdRijalQum1980.bib
1100MustafaTafrishiNaqdRijalQum1998,https://github.com/OpenITI/bibliography/blob/main/bibFiles/1100MustafaTafrishiNaqdRijalQum1998.bib
1100MustafaTafrishiNaqdRijalTihran1900,https://github.com/OpenITI/bibliography/blob/main/bibFiles/1100MustafaTafrishiNaqdRijalTihran1900.bib
1101MuhammadCaliArdabiliJamicRuwatNajaf1966,https://github.com/OpenITI/bibliography/blob/main/bibFiles/1101MuhammadCaliArdabiliJamicRuwatNajaf1966.bib
1101MuhammadCaliArdabiliJamicRuwatNajaf2007,https://github.com/OpenITI/bibliography/blob/main/bibFiles/1101MuhammadCaliArdabiliJamicRuwatNajaf2007.bib
1101MuhammadCaliArdabiliJamicRuwatQum1983,https://github.com/OpenITI/bibliography/blob/main/bibFiles/1101MuhammadCaliArdabiliJamicRuwatQum1983.bib
1101MuhammadCaliArdabiliJamicRuwatQum2012,https://github.com/OpenITI/bibliography/blob/main/bibFiles/1101MuhammadCaliArdabiliJamicRuwatQum2012.bib
1101MuhammadCaliArdabiliJamicRuwatTihran1965,https://github.com/OpenITI/bibliography/blob/main/bibFiles/1101MuhammadCaliArdabiliJamicRuwatTihran1965.bib
1111MuhammadAminMuhibbiKhulasaAthrBayrut1960,https://github.com/OpenITI/bibliography/blob/main/bibFiles/1111MuhammadAminMuhibbiKhulasaAthrBayrut1960.bib
1111MuhammadAminMuhibbiKhulasaAthrBayrut1966,https://github.com/OpenITI/bibliography/blob/main/bibFiles/1111MuhammadAminMuhibbiKhulasaAthrBayrut1966.bib
1111MuhammadAminMuhibbiKhulasaAthrIsmacil2006,https://github.com/OpenITI/bibliography/blob/main/bibFiles/1111MuhammadAminMuhibbiKhulasaAthrIsmacil2006.bib
1111MuhammadAminMuhibbiKhulasaAthrQahirat1868,https://github.com/OpenITI/bibliography/blob/main/bibFiles/1111MuhammadAminMuhibbiKhulasaAthrQahirat1868.bib
1111MuhammadAminMuhibbiKhulasaAthrRiyad2013,https://github.com/OpenITI/bibliography/blob/main/bibFiles/1111MuhammadAminMuhibbiKhulasaAthrRiyad2013.bib
1111MuhammadAminMuhibbiKhulasaAthrSabagh1983,https://github.com/OpenITI/bibliography/blob/main/bibFiles/1111MuhammadAminMuhibbiKhulasaAthrSabagh1983.bib
1119IbnMacsumSulafaCasrNajaf1971,https://github.com/OpenITI/bibliography/blob/main/bibFiles/1119IbnMacsumSulafaCasrNajaf1971.bib
1119IbnMacsumSulafaCasrQahirat1906,https://github.com/OpenITI/bibliography/blob/main/bibFiles/1119IbnMacsumSulafaCasrQahirat1906.bib
1119IbnMacsumSulafaCasrQatar1962,https://github.com/OpenITI/bibliography/blob/main/bibFiles/1119IbnMacsumSulafaCasrQatar1962.bib
1119IbnMacsumSulafaCasrRiyad2013,https://github.com/OpenITI/bibliography/blob/main/bibFiles/1119IbnMacsumSulafaCasrRiyad2013.bib
1120CaliKhanMadaniDarajatRaficaBahr1997,https://github.com/OpenITI/bibliography/blob/main/bibFiles/1120CaliKhanMadaniDarajatRaficaBahr1997.bib
1120CaliKhanMadaniDarajatRaficaBayrut1983,https://github.com/OpenITI/bibliography/blob/main/bibFiles/1120CaliKhanMadaniDarajatRaficaBayrut1983.bib
1120CaliKhanMadaniDarajatRaficaMahmudi2016,https://github.com/OpenITI/bibliography/blob/main/bibFiles/1120CaliKhanMadaniDarajatRaficaMahmudi2016.bib
1120CaliKhanMadaniDarajatRaficaNajaf1962,https://github.com/OpenITI/bibliography/blob/main/bibFiles/1120CaliKhanMadaniDarajatRaficaNajaf1962.bib
1122MuhammadZurqaniSharhCalaMawahibBayrut1996,https://github.com/OpenITI/bibliography/blob/main/bibFiles/1122MuhammadZurqaniSharhCalaMawahibBayrut1996.bib
1122MuhammadZurqaniSharhCalaMawahibBayrut2012,https://github.com/OpenITI/bibliography/blob/main/bibFiles/1122MuhammadZurqaniSharhCalaMawahibBayrut2012.bib
1122MuhammadZurqaniSharhCalaMawahibBayrut2015,https://github.com/OpenITI/bibliography/blob/main/bibFiles/1122MuhammadZurqaniSharhCalaMawahibBayrut2015.bib
1122MuhammadZurqaniSharhCalaMawahibQahirat1874,https://github.com/OpenITI/bibliography/blob/main/bibFiles/1122MuhammadZurqaniSharhCalaMawahibQahirat1874.bib
1126MuhammadHanbaliMashyakhaHafiz1990,https://github.com/OpenITI/bibliography/blob/main/bibFiles/1126MuhammadHanbaliMashyakhaHafiz1990.bib
1147SancaniTarikhYamanJazim1985,https://github.com/OpenITI/bibliography/blob/main/bibFiles/1147SancaniTarikhYamanJazim1985.bib
1147SancaniTarikhYamanRiyad2013,https://github.com/OpenITI/bibliography/blob/main/bibFiles/1147SancaniTarikhYamanRiyad2013.bib
1153IbnKannanYawmiyyatShamiyyaCulabi1990,https://github.com/OpenITI/bibliography/blob/main/bibFiles/1153IbnKannanYawmiyyatShamiyyaCulabi1990.bib
1153IbnKannanYawmiyyatShamiyyaRiyad2013,https://github.com/OpenITI/bibliography/blob/main/bibFiles/1153IbnKannanYawmiyyatShamiyyaRiyad2013.bib
1156IfraniNuzhatHadiDimashq2018,https://github.com/OpenITI/bibliography/blob/main/bibFiles/1156IfraniNuzhatHadiDimashq2018.bib
1156IfraniNuzhatHadiHoudas1888,https://github.com/OpenITI/bibliography/blob/main/bibFiles/1156IfraniNuzhatHadiHoudas1888.bib
1156IfraniNuzhatHadiHoudas1926,https://github.com/OpenITI/bibliography/blob/main/bibFiles/1156IfraniNuzhatHadiHoudas1926.bib
1156IfraniNuzhatHadiQahirat2012,https://github.com/OpenITI/bibliography/blob/main/bibFiles/1156IfraniNuzhatHadiQahirat2012.bib
1156IfraniNuzhatHadiShadili1998,https://github.com/OpenITI/bibliography/blob/main/bibFiles/1156IfraniNuzhatHadiShadili1998.bib
1156IfraniNuzhatHadiShadili2015,https://github.com/OpenITI/bibliography/blob/main/bibFiles/1156IfraniNuzhatHadiShadili2015.bib
1156IfraniRawdatTacrifRibat1962,https://github.com/OpenITI/bibliography/blob/main/bibFiles/1156IfraniRawdatTacrifRibat1962.bib
1156IfraniRawdatTacrifRibat1995,https://github.com/OpenITI/bibliography/blob/main/bibFiles/1156IfraniRawdatTacrifRibat1995.bib
1156IfraniSafwaFas1800,https://github.com/OpenITI/bibliography/blob/main/bibFiles/1156IfraniSafwaFas1800.bib
1156IfraniSafwaKhayali2004,https://github.com/OpenITI/bibliography/blob/main/bibFiles/1156IfraniSafwaKhayali2004.bib
1158TahanawiKashshafIstalahatBayrut1996,https://github.com/OpenITI/bibliography/blob/main/bibFiles/1158TahanawiKashshafIstalahatBayrut1996.bib
1175BudayriHawadithDimashq1997,https://github.com/OpenITI/bibliography/blob/main/bibFiles/1175BudayriHawadithDimashq1997.bib
1175BudayriHawadithQahirat1995,https://github.com/OpenITI/bibliography/blob/main/bibFiles/1175BudayriHawadithQahirat1995.bib
1175KarabisiIklilManhajHusayni2004,https://github.com/OpenITI/bibliography/blob/main/bibFiles/1175KarabisiIklilManhajHusayni2004.bib
1187QadiriIltiqatDurarQasimi1983,https://github.com/OpenITI/bibliography/blob/main/bibFiles/1187QadiriIltiqatDurarQasimi1983.bib
1187QadiriNashrMathaniFas1892,https://github.com/OpenITI/bibliography/blob/main/bibFiles/1187QadiriNashrMathaniFas1892.bib
1187QadiriNashrMathaniRabat1977,https://github.com/OpenITI/bibliography/blob/main/bibFiles/1187QadiriNashrMathaniRabat1977.bib
1206MuradiSilkBayrut1988,https://github.com/OpenITI/bibliography/blob/main/bibFiles/1206MuradiSilkBayrut1988.bib
1206MuradiSilkDurarBaghdad1968,https://github.com/OpenITI/bibliography/blob/main/bibFiles/1206MuradiSilkDurarBaghdad1968.bib
1206MuradiSilkDurarBulaq1874,https://github.com/OpenITI/bibliography/blob/main/bibFiles/1206MuradiSilkDurarBulaq1874.bib
1206MuradiSilkDurarCulabi2001,https://github.com/OpenITI/bibliography/blob/main/bibFiles/1206MuradiSilkDurarCulabi2001.bib
1206MuradiSilkDurarShahin1997,https://github.com/OpenITI/bibliography/blob/main/bibFiles/1206MuradiSilkDurarShahin1997.bib
1212BahrCulumFawaidRijaliyyaNajaf1965,https://github.com/OpenITI/bibliography/blob/main/bibFiles/1212BahrCulumFawaidRijaliyyaNajaf1965.bib
1212BahrCulumFawaidRijaliyyaTehran1944,https://github.com/OpenITI/bibliography/blob/main/bibFiles/1212BahrCulumFawaidRijaliyyaTehran1944.bib
1212BahrCulumFawaidRijaliyyaTehran1984,https://github.com/OpenITI/bibliography/blob/main/bibFiles/1212BahrCulumFawaidRijaliyyaTehran1984.bib
1218SalihFulaniQatfThamarBayrut2019,https://github.com/OpenITI/bibliography/blob/main/bibFiles/1218SalihFulaniQatfThamarBayrut2019.bib
1218SalihFulaniQatfThamarHaydarabad1910,https://github.com/OpenITI/bibliography/blob/main/bibFiles/1218SalihFulaniQatfThamarHaydarabad1910.bib
1218SalihFulaniQatfThamarRiyad2013,https://github.com/OpenITI/bibliography/blob/main/bibFiles/1218SalihFulaniQatfThamarRiyad2013.bib
1218SalihFulaniQatfThamarSabri1984,https://github.com/OpenITI/bibliography/blob/main/bibFiles/1218SalihFulaniQatfThamarSabri1984.bib
1232IbnKhatibCumariRawdaCabdHakim2000,https://github.com/OpenITI/bibliography/blob/main/bibFiles/1232IbnKhatibCumariRawdaCabdHakim2000.bib
1232IbnKhatibCumariRawdaSamarrai1987,https://github.com/OpenITI/bibliography/blob/main/bibFiles/1232IbnKhatibCumariRawdaSamarrai1987.bib
1237JabartiCajaibAtharBayrut1970,https://github.com/OpenITI/bibliography/blob/main/bibFiles/1237JabartiCajaibAtharBayrut1970.bib
1237JabartiCajaibAtharBayrut1980,https://github.com/OpenITI/bibliography/blob/main/bibFiles/1237JabartiCajaibAtharBayrut1980.bib
1237JabartiCajaibAtharCabdRahim1997,https://github.com/OpenITI/bibliography/blob/main/bibFiles/1237JabartiCajaibAtharCabdRahim1997.bib
1237JabartiCajaibAtharMoreh2013,https://github.com/OpenITI/bibliography/blob/main/bibFiles/1237JabartiCajaibAtharMoreh2013.bib
1237JabartiCajaibAtharQahirat1905,https://github.com/OpenITI/bibliography/blob/main/bibFiles/1237JabartiCajaibAtharQahirat1905.bib
1237JabartiCajaibAtharQahirat1958,https://github.com/OpenITI/bibliography/blob/main/bibFiles/1237JabartiCajaibAtharQahirat1958.bib
1237JabartiCajaibAtharQasim1879,https://github.com/OpenITI/bibliography/blob/main/bibFiles/1237JabartiCajaibAtharQasim1879.bib
1237JabartiCajaibAtharRiyad2013,https://github.com/OpenITI/bibliography/blob/main/bibFiles/1237JabartiCajaibAtharRiyad2013.bib
1237JabartiMuzhirTaqdisCabdRahim1998,https://github.com/OpenITI/bibliography/blob/main/bibFiles/1237JabartiMuzhirTaqdisCabdRahim1998.bib
1237JabartiMuzhirTaqdisCatiyat1961,https://github.com/OpenITI/bibliography/blob/main/bibFiles/1237JabartiMuzhirTaqdisCatiyat1961.bib
1237JabartiMuzhirTaqdisJiddat1999,https://github.com/OpenITI/bibliography/blob/main/bibFiles/1237JabartiMuzhirTaqdisJiddat1999.bib
1237JabartiMuzhirTaqdisJiddat2012,https://github.com/OpenITI/bibliography/blob/main/bibFiles/1237JabartiMuzhirTaqdisJiddat2012.bib
1237JabartiMuzhirTaqdisQahirat1958,https://github.com/OpenITI/bibliography/blob/main/bibFiles/1237JabartiMuzhirTaqdisQahirat1958.bib
1237JabartiMuzhirTaqdisQahirat1969,https://github.com/OpenITI/bibliography/blob/main/bibFiles/1237JabartiMuzhirTaqdisQahirat1969.bib
1250ShawkaniBadrTalicBayrut1998,https://github.com/OpenITI/bibliography/blob/main/bibFiles/1250ShawkaniBadrTalicBayrut1998.bib
1250ShawkaniBadrTalicCamri1998,https://github.com/OpenITI/bibliography/blob/main/bibFiles/1250ShawkaniBadrTalicCamri1998.bib
1250ShawkaniBadrTalicHallaq2006,https://github.com/OpenITI/bibliography/blob/main/bibFiles/1250ShawkaniBadrTalicHallaq2006.bib
1250ShawkaniBadrTalicQahirat1929,https://github.com/OpenITI/bibliography/blob/main/bibFiles/1250ShawkaniBadrTalicQahirat1929.bib
1250ShawkaniBadrTalicQahirat1968,https://github.com/OpenITI/bibliography/blob/main/bibFiles/1250ShawkaniBadrTalicQahirat1968.bib
1250ShawkaniBadrTalicQahirat1995,https://github.com/OpenITI/bibliography/blob/main/bibFiles/1250ShawkaniBadrTalicQahirat1995.bib
1250ShawkaniBadrTalicRiyad2013,https://github.com/OpenITI/bibliography/blob/main/bibFiles/1250ShawkaniBadrTalicRiyad2013.bib
1250ShawkaniBadrTalicZabarat1980,https://github.com/OpenITI/bibliography/blob/main/bibFiles/1250ShawkaniBadrTalicZabarat1980.bib
1269CabdMalikCasimiSamtNujumBayrut1998,https://github.com/OpenITI/bibliography/blob/main/bibFiles/1269CabdMalikCasimiSamtNujumBayrut1998.bib
1269CabdMalikCasimiSamtNujumQahirat1960,https://github.com/OpenITI/bibliography/blob/main/bibFiles/1269CabdMalikCasimiSamtNujumQahirat1960.bib
1269CabdMalikCasimiSamtNujumRiyad2013,https://github.com/OpenITI/bibliography/blob/main/bibFiles/1269CabdMalikCasimiSamtNujumRiyad2013.bib
1286IcjazHusaynKunturiKashfHujubKalkuta1912,https://github.com/OpenITI/bibliography/blob/main/bibFiles/1286IcjazHusaynKunturiKashfHujubKalkuta1912.bib
1286IcjazHusaynKunturiKashfHujubQum1989,https://github.com/OpenITI/bibliography/blob/main/bibFiles/1286IcjazHusaynKunturiKashfHujubQum1989.bib
1293MahdiKujuriShiraziFawaidRijaliyyaSitayish2003,https://github.com/OpenITI/bibliography/blob/main/bibFiles/1293MahdiKujuriShiraziFawaidRijaliyyaSitayish2003.bib
1293MahdiKujuriShiraziFawaidRijaliyyaSitayish2007,https://github.com/OpenITI/bibliography/blob/main/bibFiles/1293MahdiKujuriShiraziFawaidRijaliyyaSitayish2007.bib
1306MullaCaliKanniTawdihMaqalMawlawi1882,https://github.com/OpenITI/bibliography/blob/main/bibFiles/1306MullaCaliKanniTawdihMaqalMawlawi1882.bib
1306MullaCaliKanniTawdihMaqalMawlawi1960,https://github.com/OpenITI/bibliography/blob/main/bibFiles/1306MullaCaliKanniTawdihMaqalMawlawi1960.bib
1307QannawjiAbjadCulumBayrut1999,https://github.com/OpenITI/bibliography/blob/main/bibFiles/1307QannawjiAbjadCulumBayrut1999.bib
1307QannawjiAbjadCulumBayrut2016,https://github.com/OpenITI/bibliography/blob/main/bibFiles/1307QannawjiAbjadCulumBayrut2016.bib
1307QannawjiAbjadCulumBuhawpal1878,https://github.com/OpenITI/bibliography/blob/main/bibFiles/1307QannawjiAbjadCulumBuhawpal1878.bib
1307QannawjiAbjadCulumLahur1983,https://github.com/OpenITI/bibliography/blob/main/bibFiles/1307QannawjiAbjadCulumLahur1983.bib
1307QannawjiAbjadCulumRiyad2013,https://github.com/OpenITI/bibliography/blob/main/bibFiles/1307QannawjiAbjadCulumRiyad2013.bib
1307QannawjiAbjadCulumZakkar1978,https://github.com/OpenITI/bibliography/blob/main/bibFiles/1307QannawjiAbjadCulumZakkar1978.bib
1307QannawjiHittaFiDhikrBayrut1985,https://github.com/OpenITI/bibliography/blob/main/bibFiles/1307QannawjiHittaFiDhikrBayrut1985.bib
1307QannawjiHittaFiDhikrHalabi1987,https://github.com/OpenITI/bibliography/blob/main/bibFiles/1307QannawjiHittaFiDhikrHalabi1987.bib
1307QannawjiHittaFiDhikrLahur1977,https://github.com/OpenITI/bibliography/blob/main/bibFiles/1307QannawjiHittaFiDhikrLahur1977.bib
1307QannawjiHittaFiDhikrRiyad2013,https://github.com/OpenITI/bibliography/blob/main/bibFiles/1307QannawjiHittaFiDhikrRiyad2013.bib
1307QannawjiLuqtaCajlanBayrut1985,https://github.com/OpenITI/bibliography/blob/main/bibFiles/1307QannawjiLuqtaCajlanBayrut1985.bib
1307QannawjiLuqtaCajlanIstanbul1878,https://github.com/OpenITI/bibliography/blob/main/bibFiles/1307QannawjiLuqtaCajlanIstanbul1878.bib
1307QannawjiLuqtaCajlanRiyad2013,https://github.com/OpenITI/bibliography/blob/main/bibFiles/1307QannawjiLuqtaCajlanRiyad2013.bib
1313VanDyckIktifaQunucQahirat1896,https://github.com/OpenITI/bibliography/blob/main/bibFiles/1313VanDyckIktifaQunucQahirat1896.bib
1313VanDyckIktifaQunucQum1988,https://github.com/OpenITI/bibliography/blob/main/bibFiles/1313VanDyckIktifaQunucQum1988.bib
1313VanDyckIktifaQunucRiyad2013,https://github.com/OpenITI/bibliography/blob/main/bibFiles/1313VanDyckIktifaQunucRiyad2013.bib
1315AbuMacaliKalbasiRasailRijaliyyaDiryati2001,https://github.com/OpenITI/bibliography/blob/main/bibFiles/1315AbuMacaliKalbasiRasailRijaliyyaDiryati2001.bib
1315AbuMacaliKalbasiRasailRijaliyyaDiryati2007,https://github.com/OpenITI/bibliography/blob/main/bibFiles/1315AbuMacaliKalbasiRasailRijaliyyaDiryati2007.bib
1315SalawiIstiqsaLiAhkbarMurrakush2017,https://github.com/OpenITI/bibliography/blob/main/bibFiles/1315SalawiIstiqsaLiAhkbarMurrakush2017.bib
1315SalawiIstiqsaLiAhkbarQahirat1895,https://github.com/OpenITI/bibliography/blob/main/bibFiles/1315SalawiIstiqsaLiAhkbarQahirat1895.bib
1315SalawiIstiqsaLiAhkbarQahirat1954,https://github.com/OpenITI/bibliography/blob/main/bibFiles/1315SalawiIstiqsaLiAhkbarQahirat1954.bib
1315SalawiIstiqsaLiAhkbarQahirat1997,https://github.com/OpenITI/bibliography/blob/main/bibFiles/1315SalawiIstiqsaLiAhkbarQahirat1997.bib
1315SalawiIstiqsaLiAhkbarQahirat2001,https://github.com/OpenITI/bibliography/blob/main/bibFiles/1315SalawiIstiqsaLiAhkbarQahirat2001.bib
1318MuhammadSanusiMusamaratNayfar1983,https://github.com/OpenITI/bibliography/blob/main/bibFiles/1318MuhammadSanusiMusamaratNayfar1983.bib
1318MuhammadSanusiMusamaratNayfar1994,https://github.com/OpenITI/bibliography/blob/main/bibFiles/1318MuhammadSanusiMusamaratNayfar1994.bib
1330IbnMusaTabriziMiratKutubQum1986,https://github.com/OpenITI/bibliography/blob/main/bibFiles/1330IbnMusaTabriziMiratKutubQum1986.bib
1330IbnMusaTabriziMiratKutubQum1993,https://github.com/OpenITI/bibliography/blob/main/bibFiles/1330IbnMusaTabriziMiratKutubQum1993.bib
1332HassunBuraqiTarikhKufaBahr1937,https://github.com/OpenITI/bibliography/blob/main/bibFiles/1332HassunBuraqiTarikhKufaBahr1937.bib
1332HassunBuraqiTarikhKufaBahr1960,https://github.com/OpenITI/bibliography/blob/main/bibFiles/1332HassunBuraqiTarikhKufaBahr1960.bib
1332HassunBuraqiTarikhKufaBahr1968,https://github.com/OpenITI/bibliography/blob/main/bibFiles/1332HassunBuraqiTarikhKufaBahr1968.bib
1332HassunBuraqiTarikhKufaBahr1987,https://github.com/OpenITI/bibliography/blob/main/bibFiles/1332HassunBuraqiTarikhKufaBahr1987.bib
1332ZaynabFawwazDurrManthurBayrut1970,https://github.com/OpenITI/bibliography/blob/main/bibFiles/1332ZaynabFawwazDurrManthurBayrut1970.bib
1332ZaynabFawwazDurrManthurBayrut1999,https://github.com/OpenITI/bibliography/blob/main/bibFiles/1332ZaynabFawwazDurrManthurBayrut1999.bib
1332ZaynabFawwazDurrManthurKuwait1891,https://github.com/OpenITI/bibliography/blob/main/bibFiles/1332ZaynabFawwazDurrManthurKuwait1891.bib
1332ZaynabFawwazDurrManthurQahirat1896,https://github.com/OpenITI/bibliography/blob/main/bibFiles/1332ZaynabFawwazDurrManthurQahirat1896.bib
1332ZaynabFawwazDurrManthurQahirat2015,https://github.com/OpenITI/bibliography/blob/main/bibFiles/1332ZaynabFawwazDurrManthurQahirat2015.bib
1334NajmDinTabasiRijalKhaqaniBahr1968,https://github.com/OpenITI/bibliography/blob/main/bibFiles/1334NajmDinTabasiRijalKhaqaniBahr1968.bib
1334NajmDinTabasiRijalKhaqaniBahr1984,https://github.com/OpenITI/bibliography/blob/main/bibFiles/1334NajmDinTabasiRijalKhaqaniBahr1984.bib
1335CabdRazzaqBaytarHilyatBayrut1993,https://github.com/OpenITI/bibliography/blob/main/bibFiles/1335CabdRazzaqBaytarHilyatBayrut1993.bib
1335CabdRazzaqBaytarHilyatDimashq1961,https://github.com/OpenITI/bibliography/blob/main/bibFiles/1335CabdRazzaqBaytarHilyatDimashq1961.bib
1335CabdRazzaqBaytarHilyatRiyad2013,https://github.com/OpenITI/bibliography/blob/main/bibFiles/1335CabdRazzaqBaytarHilyatRiyad2013.bib
1338MuhammadFaridBeyBahjaQahirat1890,https://github.com/OpenITI/bibliography/blob/main/bibFiles/1338MuhammadFaridBeyBahjaQahirat1890.bib
1338MuhammadFaridBeyBahjaRiyad2013,https://github.com/OpenITI/bibliography/blob/main/bibFiles/1338MuhammadFaridBeyBahjaRiyad2013.bib
1338MuhammadFaridBeyTarikhHaqqi1981,https://github.com/OpenITI/bibliography/blob/main/bibFiles/1338MuhammadFaridBeyTarikhHaqqi1981.bib
1338MuhammadFaridBeyTarikhQahirat2014,https://github.com/OpenITI/bibliography/blob/main/bibFiles/1338MuhammadFaridBeyTarikhQahirat2014.bib
1338MuhammadFaridBeyTarikhRiyad2013,https://github.com/OpenITI/bibliography/blob/main/bibFiles/1338MuhammadFaridBeyTarikhRiyad2013.bib
1339IsmacilBashaBaghdadiHadiyatBaghdad1972,https://github.com/OpenITI/bibliography/blob/main/bibFiles/1339IsmacilBashaBaghdadiHadiyatBaghdad1972.bib
1339IsmacilBashaBaghdadiHadiyatBayrut1990,https://github.com/OpenITI/bibliography/blob/main/bibFiles/1339IsmacilBashaBaghdadiHadiyatBayrut1990.bib
1339IsmacilBashaBaghdadiHadiyatIstanbul1951,https://github.com/OpenITI/bibliography/blob/main/bibFiles/1339IsmacilBashaBaghdadiHadiyatIstanbul1951.bib
1339IsmacilBashaBaghdadiHadiyatRiyad2013,https://github.com/OpenITI/bibliography/blob/main/bibFiles/1339IsmacilBashaBaghdadiHadiyatRiyad2013.bib
1339IsmacilBashaBaghdadiHadiyatTehran1967,https://github.com/OpenITI/bibliography/blob/main/bibFiles/1339IsmacilBashaBaghdadiHadiyatTehran1967.bib
1339IsmacilBashaBaghdadiHadiyatTehran1974,https://github.com/OpenITI/bibliography/blob/main/bibFiles/1339IsmacilBashaBaghdadiHadiyatTehran1974.bib
1339IsmacilBashaBaghdadiIdahKatib1945,https://github.com/OpenITI/bibliography/blob/main/bibFiles/1339IsmacilBashaBaghdadiIdahKatib1945.bib
1339IsmacilBashaBaghdadiIdahKatib1967,https://github.com/OpenITI/bibliography/blob/main/bibFiles/1339IsmacilBashaBaghdadiIdahKatib1967.bib
1339IsmacilBashaBaghdadiIdahKatib1972,https://github.com/OpenITI/bibliography/blob/main/bibFiles/1339IsmacilBashaBaghdadiIdahKatib1972.bib
1339IsmacilBashaBaghdadiIdahKatibXXXX,https://github.com/OpenITI/bibliography/blob/main/bibFiles/1339IsmacilBashaBaghdadiIdahKatibXXXX.bib
1339IsmacilBashaBaghdadiIdahRiyad2013,https://github.com/OpenITI/bibliography/blob/main/bibFiles/1339IsmacilBashaBaghdadiIdahRiyad2013.bib
1341CabdHayyTalibiIclamBayrut1999,https://github.com/OpenITI/bibliography/blob/main/bibFiles/1341CabdHayyTalibiIclamBayrut1999.bib
1345IbnJacfarKattaniRisalatDimashq1964,https://github.com/OpenITI/bibliography/blob/main/bibFiles/1345IbnJacfarKattaniRisalatDimashq1964.bib
1346BadranMunadamatDimashq1960,https://github.com/OpenITI/bibliography/blob/main/bibFiles/1346BadranMunadamatDimashq1960.bib
1346BadranMunadamatDimashq1985,https://github.com/OpenITI/bibliography/blob/main/bibFiles/1346BadranMunadamatDimashq1985.bib
1346BadranMunadamatRiyad2013,https://github.com/OpenITI/bibliography/blob/main/bibFiles/1346BadranMunadamatRiyad2013.bib
1346MadaniMukhtasar,https://github.com/OpenITI/bibliography/blob/main/bibFiles/1346MadaniMukhtasar.bib
1346MadaniMukhtasarRiyad2013,https://github.com/OpenITI/bibliography/blob/main/bibFiles/1346MadaniMukhtasarRiyad2013.bib
1346ShaykhuShucaraBayrut1890,https://github.com/OpenITI/bibliography/blob/main/bibFiles/1346ShaykhuShucaraBayrut1890.bib
1346ShaykhuShucaraBayrut1925,https://github.com/OpenITI/bibliography/blob/main/bibFiles/1346ShaykhuShucaraBayrut1925.bib
1346ShaykhuShucaraBayrut1967,https://github.com/OpenITI/bibliography/blob/main/bibFiles/1346ShaykhuShucaraBayrut1967.bib
1346ShaykhuShucaraBayrut1982,https://github.com/OpenITI/bibliography/blob/main/bibFiles/1346ShaykhuShucaraBayrut1982.bib
1346ShaykhuShucaraBayrut1991,https://github.com/OpenITI/bibliography/blob/main/bibFiles/1346ShaykhuShucaraBayrut1991.bib
1346ShaykhuShucaraBayrut1999,https://github.com/OpenITI/bibliography/blob/main/bibFiles/1346ShaykhuShucaraBayrut1999.bib
1347YamutShaciratBayrut1934,https://github.com/OpenITI/bibliography/blob/main/bibFiles/1347YamutShaciratBayrut1934.bib
1347YamutShaciratHalab1998,https://github.com/OpenITI/bibliography/blob/main/bibFiles/1347YamutShaciratHalab1998.bib
1347YamutShaciratJiza2019,https://github.com/OpenITI/bibliography/blob/main/bibFiles/1347YamutShaciratJiza2019.bib
1351GhazziNahrHalab1991,https://github.com/OpenITI/bibliography/blob/main/bibFiles/1351GhazziNahrHalab1991.bib
1351GhazziNahrQahirat1924,https://github.com/OpenITI/bibliography/blob/main/bibFiles/1351GhazziNahrQahirat1924.bib
1351GhazziNahrQahirat2007,https://github.com/OpenITI/bibliography/blob/main/bibFiles/1351GhazziNahrQahirat2007.bib
1351SarkisMucjamQahirat1928,https://github.com/OpenITI/bibliography/blob/main/bibFiles/1351SarkisMucjamQahirat1928.bib
1351SarkisMucjamQahirat1980,https://github.com/OpenITI/bibliography/blob/main/bibFiles/1351SarkisMucjamQahirat1980.bib
1354SadrTakmilatBayrut1986,https://github.com/OpenITI/bibliography/blob/main/bibFiles/1354SadrTakmilatBayrut1986.bib
1354SadrTakmilatBayrut2008,https://github.com/OpenITI/bibliography/blob/main/bibFiles/1354SadrTakmilatBayrut2008.bib
1354SadrTakmilatQum1985,https://github.com/OpenITI/bibliography/blob/main/bibFiles/1354SadrTakmilatQum1985.bib
1355TahtawiTanbihBayrut1960,https://github.com/OpenITI/bibliography/blob/main/bibFiles/1355TahtawiTanbihBayrut1960.bib
1355TahtawiTanbihDimashq1929,https://github.com/OpenITI/bibliography/blob/main/bibFiles/1355TahtawiTanbihDimashq1929.bib
1355TahtawiTanbihRiyad2013,https://github.com/OpenITI/bibliography/blob/main/bibFiles/1355TahtawiTanbihRiyad2013.bib
1356KalbasiSamaQazwini1998,https://github.com/OpenITI/bibliography/blob/main/bibFiles/1356KalbasiSamaQazwini1998.bib
1359QummiKunaAmini1949,https://github.com/OpenITI/bibliography/blob/main/bibFiles/1359QummiKunaAmini1949.bib
1359QummiKunaAmini1976,https://github.com/OpenITI/bibliography/blob/main/bibFiles/1359QummiKunaAmini1976.bib
1359QummiKunaAmini1988,https://github.com/OpenITI/bibliography/blob/main/bibFiles/1359QummiKunaAmini1988.bib
1359QummiKunaNajaf1956,https://github.com/OpenITI/bibliography/blob/main/bibFiles/1359QummiKunaNajaf1956.bib
1359QummiKunaQum2004,https://github.com/OpenITI/bibliography/blob/main/bibFiles/1359QummiKunaQum2004.bib
1360MakhlufShajaratBayrut1931,https://github.com/OpenITI/bibliography/blob/main/bibFiles/1360MakhlufShajaratBayrut1931.bib
1360MakhlufShajaratBayrut1970,https://github.com/OpenITI/bibliography/blob/main/bibFiles/1360MakhlufShajaratBayrut1970.bib
1360MakhlufShajaratCumar2007,https://github.com/OpenITI/bibliography/blob/main/bibFiles/1360MakhlufShajaratCumar2007.bib
1360MakhlufShajaratKhayali2003,https://github.com/OpenITI/bibliography/blob/main/bibFiles/1360MakhlufShajaratKhayali2003.bib
1360MakhlufShajaratKhayali2010,https://github.com/OpenITI/bibliography/blob/main/bibFiles/1360MakhlufShajaratKhayali2010.bib
1360MakhlufShajaratQahirat1930,https://github.com/OpenITI/bibliography/blob/main/bibFiles/1360MakhlufShajaratQahirat1930.bib
1368AminMustadrakatCamili1987,https://github.com/OpenITI/bibliography/blob/main/bibFiles/1368AminMustadrakatCamili1987.bib
1371CamiliAcyanBayrut1960,https://github.com/OpenITI/bibliography/blob/main/bibFiles/1371CamiliAcyanBayrut1960.bib
1371CamiliAcyanBayrut1983,https://github.com/OpenITI/bibliography/blob/main/bibFiles/1371CamiliAcyanBayrut1983.bib
1372KurdKhitatBayrut1969,https://github.com/OpenITI/bibliography/blob/main/bibFiles/1372KurdKhitatBayrut1969.bib
1372KurdKhitatDimashq1925,https://github.com/OpenITI/bibliography/blob/main/bibFiles/1372KurdKhitatDimashq1925.bib
1372KurdKhitatDimashq1927,https://github.com/OpenITI/bibliography/blob/main/bibFiles/1372KurdKhitatDimashq1927.bib
1372KurdKhitatDimashq1983,https://github.com/OpenITI/bibliography/blob/main/bibFiles/1372KurdKhitatDimashq1983.bib
1372KurdKhitatQahirat2010,https://github.com/OpenITI/bibliography/blob/main/bibFiles/1372KurdKhitatQahirat2010.bib
1376SacdiMuallafatMarkaz1987,https://github.com/OpenITI/bibliography/blob/main/bibFiles/1376SacdiMuallafatMarkaz1987.bib
1376SacdiMuallafatQatar2011,https://github.com/OpenITI/bibliography/blob/main/bibFiles/1376SacdiMuallafatQatar2011.bib
1381IbnZabaratMulhaqRiyad2013,https://github.com/OpenITI/bibliography/blob/main/bibFiles/1381IbnZabaratMulhaqRiyad2013.bib
1381IbnZabaratMulhaqShawkani1929,https://github.com/OpenITI/bibliography/blob/main/bibFiles/1381IbnZabaratMulhaqShawkani1929.bib
1381IbnZabaratMulhaqShawkani1978,https://github.com/OpenITI/bibliography/blob/main/bibFiles/1381IbnZabaratMulhaqShawkani1978.bib
1381IbnZabaratMulhaqShawkani1998,https://github.com/OpenITI/bibliography/blob/main/bibFiles/1381IbnZabaratMulhaqShawkani1998.bib
1383KattaniFihrisCabbas1982,https://github.com/OpenITI/bibliography/blob/main/bibFiles/1383KattaniFihrisCabbas1982.bib
1383KattaniFihrisHasani1928,https://github.com/OpenITI/bibliography/blob/main/bibFiles/1383KattaniFihrisHasani1928.bib
1383KattaniFihrisRiyad2013,https://github.com/OpenITI/bibliography/blob/main/bibFiles/1383KattaniFihrisRiyad2013.bib
1389AghaBuzurgAnwarBayrut2009,https://github.com/OpenITI/bibliography/blob/main/bibFiles/1389AghaBuzurgAnwarBayrut2009.bib
1389AghaBuzurgAnwarMunzawi1971,https://github.com/OpenITI/bibliography/blob/main/bibFiles/1389AghaBuzurgAnwarMunzawi1971.bib
1389AghaBuzurgAnwarMunzawi1990,https://github.com/OpenITI/bibliography/blob/main/bibFiles/1389AghaBuzurgAnwarMunzawi1990.bib
1389AghaBuzurgAnwarRiyad2013,https://github.com/OpenITI/bibliography/blob/main/bibFiles/1389AghaBuzurgAnwarRiyad2013.bib
1389AghaBuzurgDharicatBayrut1983,https://github.com/OpenITI/bibliography/blob/main/bibFiles/1389AghaBuzurgDharicatBayrut1983.bib
1389AghaBuzurgDharicatCamili2009,https://github.com/OpenITI/bibliography/blob/main/bibFiles/1389AghaBuzurgDharicatCamili2009.bib
1389AghaBuzurgDharicatNajaf1936,https://github.com/OpenITI/bibliography/blob/main/bibFiles/1389AghaBuzurgDharicatNajaf1936.bib
1389AghaBuzurgNawabighBayrut2009,https://github.com/OpenITI/bibliography/blob/main/bibFiles/1389AghaBuzurgNawabighBayrut2009.bib
1389AghaBuzurgNawabighMunzawi1971,https://github.com/OpenITI/bibliography/blob/main/bibFiles/1389AghaBuzurgNawabighMunzawi1971.bib
1389AghaBuzurgNawabighMunzawi1990,https://github.com/OpenITI/bibliography/blob/main/bibFiles/1389AghaBuzurgNawabighMunzawi1990.bib
1389AghaBuzurgTabaqatAclamShicaBayrut2009,https://github.com/OpenITI/bibliography/blob/main/bibFiles/1389AghaBuzurgTabaqatAclamShicaBayrut2009.bib
1389AghaBuzurgTabaqatAclamShicaMunzawi1954,https://github.com/OpenITI/bibliography/blob/main/bibFiles/1389AghaBuzurgTabaqatAclamShicaMunzawi1954.bib
1389AghaBuzurgTabaqatAclamShicaMunzawi1971,https://github.com/OpenITI/bibliography/blob/main/bibFiles/1389AghaBuzurgTabaqatAclamShicaMunzawi1971.bib
1389AghaBuzurgTabaqatAclamShicaMunzawi1990,https://github.com/OpenITI/bibliography/blob/main/bibFiles/1389AghaBuzurgTabaqatAclamShicaMunzawi1990.bib
1396ZirikliAclamBayrut1969,https://github.com/OpenITI/bibliography/blob/main/bibFiles/1396ZirikliAclamBayrut1969.bib
1396ZirikliAclamBayrut1979,https://github.com/OpenITI/bibliography/blob/main/bibFiles/1396ZirikliAclamBayrut1979.bib
1396ZirikliAclamBayrut1980,https://github.com/OpenITI/bibliography/blob/main/bibFiles/1396ZirikliAclamBayrut1980.bib
1396ZirikliAclamBayrut1984,https://github.com/OpenITI/bibliography/blob/main/bibFiles/1396ZirikliAclamBayrut1984.bib
1396ZirikliAclamBayrut1986,https://github.com/OpenITI/bibliography/blob/main/bibFiles/1396ZirikliAclamBayrut1986.bib
1396ZirikliAclamBayrut1989,https://github.com/OpenITI/bibliography/blob/main/bibFiles/1396ZirikliAclamBayrut1989.bib
1396ZirikliAclamBayrut1992,https://github.com/OpenITI/bibliography/blob/main/bibFiles/1396ZirikliAclamBayrut1992.bib
1396ZirikliAclamBayrut1995a,https://github.com/OpenITI/bibliography/blob/main/bibFiles/1396ZirikliAclamBayrut1995a.bib
1396ZirikliAclamBayrut1995b,https://github.com/OpenITI/bibliography/blob/main/bibFiles/1396ZirikliAclamBayrut1995b.bib
1396ZirikliAclamBayrut1998,https://github.com/OpenITI/bibliography/blob/main/bibFiles/1396ZirikliAclamBayrut1998.bib
1396ZirikliAclamBayrut1999,https://github.com/OpenITI/bibliography/blob/main/bibFiles/1396ZirikliAclamBayrut1999.bib
1396ZirikliAclamBayrut2002,https://github.com/OpenITI/bibliography/blob/main/bibFiles/1396ZirikliAclamBayrut2002.bib
1396ZirikliAclamBayrut2005,https://github.com/OpenITI/bibliography/blob/main/bibFiles/1396ZirikliAclamBayrut2005.bib
1396ZirikliAclamBayrut2007,https://github.com/OpenITI/bibliography/blob/main/bibFiles/1396ZirikliAclamBayrut2007.bib
1396ZirikliAclamQahirat1927,https://github.com/OpenITI/bibliography/blob/main/bibFiles/1396ZirikliAclamQahirat1927.bib
1396ZirikliAclamQahirat1954,https://github.com/OpenITI/bibliography/blob/main/bibFiles/1396ZirikliAclamQahirat1954.bib
1405ShahrudiMustadrakatIsfahan1991,https://github.com/OpenITI/bibliography/blob/main/bibFiles/1405ShahrudiMustadrakatIsfahan1991.bib
1408KahhalahMucjamBayrut1993,https://github.com/OpenITI/bibliography/blob/main/bibFiles/1408KahhalahMucjamBayrut1993.bib
1408KahhalahMucjamDimashq1957,https://github.com/OpenITI/bibliography/blob/main/bibFiles/1408KahhalahMucjamDimashq1957.bib
1408KahhalatMujamQabailBayrut1968,https://github.com/OpenITI/bibliography/blob/main/bibFiles/1408KahhalatMujamQabailBayrut1968.bib
1408KahhalatMujamQabailBayrut1997,https://github.com/OpenITI/bibliography/blob/main/bibFiles/1408KahhalatMujamQabailBayrut1997.bib
1408KahhalatMujamQabailDimashq1949,https://github.com/OpenITI/bibliography/blob/main/bibFiles/1408KahhalatMujamQabailDimashq1949.bib
1413KhuiMucjamNajaf1970,https://github.com/OpenITI/bibliography/blob/main/bibFiles/1413KhuiMucjamNajaf1970.bib
1413KhuiMucjamQum1983,https://github.com/OpenITI/bibliography/blob/main/bibFiles/1413KhuiMucjamQum1983.bib
1419TanahilMujazQahirat1985,https://github.com/OpenITI/bibliography/blob/main/bibFiles/1419TanahilMujazQahirat1985.bib
1422MuhaysinMucjamBayrut1992,https://github.com/OpenITI/bibliography/blob/main/bibFiles/1422MuhaysinMucjamBayrut1992.bib
1422WadiciTarajimBayrut1988,https://github.com/OpenITI/bibliography/blob/main/bibFiles/1422WadiciTarajimBayrut1988.bib
1422WadiciTarajimBayrut1999,https://github.com/OpenITI/bibliography/blob/main/bibFiles/1422WadiciTarajimBayrut1999.bib
1424AbtahiTarikhIsfahan1978,https://github.com/OpenITI/bibliography/blob/main/bibFiles/1424AbtahiTarikhIsfahan1978.bib
1424CabbasShadaratBayrut1988,https://github.com/OpenITI/bibliography/blob/main/bibFiles/1424CabbasShadaratBayrut1988.bib
1450AbtahiTahdhibNajaf1970,https://github.com/OpenITI/bibliography/blob/main/bibFiles/1450AbtahiTahdhibNajaf1970.bib
1450AbtahiTahdhibQum1996,https://github.com/OpenITI/bibliography/blob/main/bibFiles/1450AbtahiTahdhibQum1996.bib
1450AlShaikhMashahirRiyad1972,https://github.com/OpenITI/bibliography/blob/main/bibFiles/1450AlShaikhMashahirRiyad1972.bib
1450AlShaikhMashahirRiyad1974,https://github.com/OpenITI/bibliography/blob/main/bibFiles/1450AlShaikhMashahirRiyad1974.bib
1450AminiMucjamNajaf1966,https://github.com/OpenITI/bibliography/blob/main/bibFiles/1450AminiMucjamNajaf1966.bib
1450KhiyamiFihrisDimashq1983,https://github.com/OpenITI/bibliography/blob/main/bibFiles/1450KhiyamiFihrisDimashq1983.bib
1450MajmacMawsucatQum1991,https://github.com/OpenITI/bibliography/blob/main/bibFiles/1450MajmacMawsucatQum1991.bib
1450MajmacMawsucatQum2001,https://github.com/OpenITI/bibliography/blob/main/bibFiles/1450MajmacMawsucatQum2001.bib
1450UmawiMucjamUmawi2009,https://github.com/OpenITI/bibliography/blob/main/bibFiles/1450UmawiMucjamUmawi2009.bib
1450YusufTakmilatBayrut1977,https://github.com/OpenITI/bibliography/blob/main/bibFiles/1450YusufTakmilatBayrut1977.bib
2013BajiTacdilRiyad2013,https://github.com/OpenITI/bibliography/blob/main/bibFiles/2013BajiTacdilRiyad2013.bib